,geoId,countriesAndTerritories,Dates,days_outbreak,total_cases,cases,total_deaths,new_deaths,total_cases_per_million,new_cases_per_million,total_deaths_per_million,new_deaths_per_million,total_tests,new_tests,total_tests_per_thousand,new_tests_per_thousand,tests_units,rolling_std,Stages,Components
743,AUS,Australia,2020-03-10,1,100,20,3,0,3.922,0.784,0.118,0,,,,,,0.001048411243475,1,1
744,AUS,Australia,2020-03-11,2,112,12,3,0,4.392,0.471,0.118,0,,,,,,0.001037944313369,1,1
746,AUS,Australia,2020-03-13,4,156,30,3,0,6.118,1.176,0.118,0,,,,,,0.001457923115802,1,1
747,AUS,Australia,2020-03-14,5,197,41,3,0,7.726,1.608,0.118,0,,,,,,0.002006345682914,1,1
748,AUS,Australia,2020-03-15,6,249,52,3,0,9.765,2.039,0.118,0,,,,,,0.001625535687897,1,1
750,AUS,Australia,2020-03-17,8,375,77,5,0,14.706,3.02,0.196,0,,,,,,0.002271780219221,2,3
751,AUS,Australia,2020-03-18,9,454,79,5,0,17.804,3.098,0.196,0,,,,,,0.002478645510154,2,3
752,AUS,Australia,2020-03-19,10,565,111,6,1,22.157,4.353,0.235,0.039,,,,,,0.00281938584725,2,3
753,AUS,Australia,2020-03-20,11,709,144,6,0,27.804,5.647,0.235,0,,,,,,0.004802908530515,2,3
754,AUS,Australia,2020-03-21,12,874,165,7,1,34.275,6.471,0.275,0.039,,,,,,0.00402265629934,2,3
755,AUS,Australia,2020-03-22,13,1098,224,7,0,43.059,8.784,0.275,0,143056,,5.61,,tests performed,0.006129289375226,3,0
756,AUS,Australia,2020-03-23,14,1709,611,7,0,67.02,23.961,0.275,0,,,,,,0.035801556685573,4,2
757,AUS,Australia,2020-03-24,15,1823,114,7,0,71.491,4.471,0.275,0,,,,,,0.038576699686524,2,3
758,AUS,Australia,2020-03-25,16,2423,600,8,1,95.02,23.53,0.314,0.039,,,,,,0.041941917090262,4,2
759,AUS,Australia,2020-03-26,17,2799,376,11,3,109.765,14.745,0.431,0.118,,,,,,0.035946131732923,3,0
760,AUS,Australia,2020-03-27,18,3166,367,13,2,124.157,14.392,0.51,0.078,,,,,,0.019506614839696,3,0
761,AUS,Australia,2020-03-28,19,3378,212,13,0,132.471,8.314,0.51,0,,,,,,0.013624538541307,3,0
762,AUS,Australia,2020-03-29,20,3809,431,14,1,149.373,16.902,0.549,0.039,211261,,8.285,,tests performed,0.016640606792633,4,2
763,AUS,Australia,2020-03-30,21,4093,284,16,2,160.511,11.137,0.627,0.078,,,,,,0.016494737801173,3,0
764,AUS,Australia,2020-03-31,22,4557,464,19,3,178.707,18.196,0.745,0.118,,,,,,0.014161071503541,4,2
765,AUS,Australia,2020-04-01,23,4707,150,20,1,184.589,5.882,0.784,0.039,,,,,,0.023283666375602,2,3
766,AUS,Australia,2020-04-02,24,4976,269,21,1,195.138,10.549,0.824,0.039,,,,,,0.023426259409397,3,0
767,AUS,Australia,2020-04-03,25,5224,248,23,2,204.864,9.726,0.902,0.078,,,,,,0.009386198031793,3,0
768,AUS,Australia,2020-04-04,26,5548,324,30,7,217.57,12.706,1.176,0.275,,,,,,0.005799775464878,3,0
769,AUS,Australia,2020-04-05,27,5687,139,34,4,223.021,5.451,1.333,0.157,297154,,11.653,,tests performed,0.0137415762805,2,3
770,AUS,Australia,2020-04-06,28,5744,57,36,2,225.256,2.235,1.412,0.078,302663,5509,11.869,0.216,tests performed,0.020211481943475,1,1
771,AUS,Australia,2020-04-07,29,5844,100,42,6,229.178,3.922,1.647,0.235,310700,8037,12.184,0.315,tests performed,0.006061217221749,2,3
772,AUS,Australia,2020-04-08,30,5956,112,45,3,233.57,4.392,1.765,0.118,319368,8668,12.524,0.34,tests performed,0.004273596616274,2,3
773,AUS,Australia,2020-04-09,31,6052,96,50,5,237.334,3.765,1.961,0.196,330134,10766,12.946,0.422,tests performed,0.001230480862696,2,3
774,AUS,Australia,2020-04-10,32,6152,100,52,2,241.256,3.922,2.039,0.078,338346,8212,13.269,0.322,tests performed,0.001230480862696,2,3
775,AUS,Australia,2020-04-11,33,6238,86,54,2,244.629,3.373,2.118,0.078,347847,9501,13.641,0.373,tests performed,0.001065627685965,2,3
776,AUS,Australia,2020-04-12,34,6289,51,57,3,246.629,2,2.235,0.118,353941,6094,13.88,0.239,tests performed,0.003729696900879,1,1
777,AUS,Australia,2020-04-13,35,6322,33,61,4,247.923,1.294,2.392,0.157,362136,8195,14.201,0.321,tests performed,0.003982646969252,1,1
778,AUS,Australia,2020-04-14,36,6366,44,61,0,249.648,1.725,2.392,0,366493,4357,14.372,0.171,tests performed,0.001340885433113,1,1
779,AUS,Australia,2020-04-15,37,6416,50,61,0,251.609,1.961,2.392,0,371377,4884,14.564,0.192,tests performed,0.001274076858911,1,1
783,AUS,Australia,2020-04-19,41,6586,53,69,2,258.276,2.078,2.706,0.078,420996,14486,16.51,0.568,tests performed,0.001340885433113,1,1
784,AUS,Australia,2020-04-20,42,6612,26,70,1,259.295,1.02,2.745,0.039,431734,10738,16.931,0.421,tests performed,0.002017200653115,1,1
785,AUS,Australia,2020-04-21,43,6625,13,71,1,259.805,0.51,2.784,0.039,439842,8108,17.249,0.318,tests performed,0.003015257562249,1,1
787,AUS,Australia,2020-04-23,45,6654,7,74,0,260.942,0.275,2.902,0,466659,14218,18.3,0.558,tests performed,0.001115684119295,1,1
788,AUS,Australia,2020-04-24,46,6667,13,75,1,261.452,0.51,2.941,0.039,482370,15711,18.917,0.616,tests performed,0.001115684119295,1,1
866,AUT,Austria,2020-03-09,1,102,3,0,0,11.325,0.333,0,0,4734,225,0.526,0.025,tests performed,0.001000251556906,1,0
868,AUT,Austria,2020-03-11,3,182,51,0,0,20.208,5.663,0,0,5362,336,0.595,0.037,tests performed,0.00154708400755,1,0
869,AUT,Austria,2020-03-12,4,246,64,0,0,27.314,7.106,0,0,5869,507,0.652,0.056,tests performed,0.001139128582381,1,0
870,AUT,Austria,2020-03-13,5,361,115,1,1,40.083,12.769,0.111,0.111,6582,713,0.731,0.079,tests performed,0.002178095183503,1,0
871,AUT,Austria,2020-03-14,6,504,143,1,0,55.96,15.878,0.111,0,7467,885,0.829,0.098,tests performed,0.002578979463067,1,0
872,AUT,Austria,2020-03-15,7,655,151,1,0,72.726,16.766,0.111,0,8167,700,0.907,0.078,tests performed,0.001217131060782,1,0
873,AUT,Austria,2020-03-16,8,860,205,1,0,95.488,22.762,0.111,0,8490,323,0.943,0.036,tests performed,0.002171423152824,2,2
874,AUT,Austria,2020-03-17,9,1016,156,3,2,112.809,17.321,0.333,0.222,10278,1788,1.141,0.199,tests performed,0.001921219106092,1,0
875,AUT,Austria,2020-03-18,10,1332,316,3,0,147.895,35.086,0.333,0,11977,1699,1.33,0.189,tests performed,0.005278323303562,2,2
876,AUT,Austria,2020-03-19,11,1646,314,4,1,182.759,34.864,0.444,0.111,13724,1747,1.524,0.194,tests performed,0.005911025648073,2,2
877,AUT,Austria,2020-03-20,12,2196,550,6,2,243.827,61.068,0.666,0.222,15613,1889,1.734,0.21,tests performed,0.008736140520507,3,1
878,AUT,Austria,2020-03-21,13,2649,453,6,0,294.124,50.298,0.666,0,18545,2932,2.059,0.326,tests performed,0.007637708195807,3,1
879,AUT,Austria,2020-03-22,14,3024,375,8,2,335.761,41.637,0.888,0.222,21368,2823,2.373,0.313,tests performed,0.005644951144716,2,2
880,AUT,Austria,2020-03-23,15,3631,607,16,8,403.158,67.397,1.777,0.888,23429,2061,2.601,0.229,tests performed,0.00760134464339,3,1
881,AUT,Austria,2020-03-24,16,4486,855,25,9,498.09,94.932,2.776,0.999,28391,4962,3.152,0.551,tests performed,0.015455826432939,4,3
882,AUT,Austria,2020-03-25,17,5282,796,30,5,586.472,88.382,3.331,0.555,32407,4016,3.598,0.446,tests performed,0.008341662764357,4,3
883,AUT,Austria,2020-03-26,18,5888,606,34,4,653.757,67.285,3.775,0.444,35995,3588,3.997,0.398,tests performed,0.00837786455239,3,1
884,AUT,Austria,2020-03-27,19,7029,1141,52,18,780.445,126.688,5.774,1.999,39552,3557,4.392,0.395,tests performed,0.017462906172681,4,3
885,AUT,Austria,2020-03-28,20,7697,668,68,16,854.614,74.169,7.55,1.777,42750,3198,4.747,0.355,tests performed,0.018841746646786,3,1
886,AUT,Austria,2020-03-29,21,8291,594,68,0,920.568,65.953,7.55,0,46441,3691,5.156,0.41,tests performed,0.019107862737216,3,1
887,AUT,Austria,2020-03-30,22,8813,522,86,18,978.526,57.959,9.549,1.999,49455,3014,5.491,0.335,tests performed,0.004700423866417,3,1
888,AUT,Austria,2020-03-31,23,9618,805,108,22,1067.907,89.381,11.991,2.443,52344,2889,5.812,0.321,tests performed,0.009470049814331,4,3
889,AUT,Austria,2020-04-01,24,10182,564,128,20,1130.529,62.622,14.212,2.221,55863,3519,6.203,0.391,tests performed,0.009833012231585,3,1
890,AUT,Austria,2020-04-02,25,10711,529,146,18,1189.265,58.736,16.211,1.999,92190,36327,10.236,4.033,tests performed,0.009675329288974,3,1
891,AUT,Austria,2020-04-03,26,11129,418,158,12,1235.677,46.411,17.543,1.332,98343,6153,10.919,0.683,tests performed,0.00490796101511,3,1
892,AUT,Austria,2020-04-04,27,11525,396,168,10,1279.646,43.969,18.653,1.11,104134,5791,11.562,0.643,tests performed,0.004590205754536,2,2
893,AUT,Austria,2020-04-05,28,11766,241,186,18,1306.404,26.759,20.652,1.999,108416,4282,12.038,0.475,tests performed,0.00621140550029,2,2
894,AUT,Austria,2020-04-06,29,11983,217,204,18,1330.498,24.094,22.651,1.999,111296,2880,12.357,0.32,tests performed,0.006255964058097,2,2
895,AUT,Austria,2020-04-07,30,12297,314,220,16,1365.362,34.864,24.427,1.777,115235,3939,12.795,0.437,tests performed,0.003252889244208,2,2
896,AUT,Austria,2020-04-08,31,12640,343,243,23,1403.446,38.084,26.981,2.554,120755,5520,13.408,0.613,tests performed,0.004248752335934,2,2
898,AUT,Austria,2020-04-10,33,13248,279,295,22,1470.954,30.978,32.754,2.443,134743,8456,14.961,0.939,tests performed,0.002166325908346,2,2
899,AUT,Austria,2020-04-11,34,13560,312,319,24,1505.596,34.642,35.419,2.665,140975,6232,15.653,0.692,tests performed,0.001636925286259,2,2
900,AUT,Austria,2020-04-12,35,13807,247,337,18,1533.021,27.425,37.418,1.999,144877,3902,16.086,0.433,tests performed,0.002092671561779,2,2
901,AUT,Austria,2020-04-13,36,13937,130,350,13,1547.455,14.434,38.861,1.443,148412,3535,16.479,0.392,tests performed,0.005938431878164,1,0
902,AUT,Austria,2020-04-14,37,14043,106,368,18,1559.225,11.769,40.86,1.999,151796,3384,16.854,0.376,tests performed,0.00485729939155,1,0
903,AUT,Austria,2020-04-15,38,14234,191,384,16,1580.432,21.207,42.636,1.777,156801,5005,17.41,0.556,tests performed,0.002821557405461,2,2
904,AUT,Austria,2020-04-16,39,14370,136,393,9,1595.532,15.1,43.636,0.999,162816,6015,18.078,0.668,tests performed,0.002775635214813,1,0
905,AUT,Austria,2020-04-17,40,14448,78,410,17,1604.193,8.661,45.523,1.888,169272,6456,18.795,0.717,tests performed,0.003638312843883,1,0
906,AUT,Austria,2020-04-18,41,14603,155,431,21,1621.403,17.21,47.855,2.332,175932,6660,19.534,0.739,tests performed,0.002582727592574,1,0
907,AUT,Austria,2020-04-19,42,14662,59,443,12,1627.953,6.551,49.187,1.332,179243,3311,19.902,0.368,tests performed,0.00327321735297,1,0
908,AUT,Austria,2020-04-20,43,14710,48,452,9,1633.283,5.33,50.187,0.999,182949,3706,20.313,0.411,tests performed,0.003789748734278,1,0
911,AUT,Austria,2020-04-23,46,14924,91,494,31,1657.044,10.104,54.85,3.442,205835,4041,22.854,0.449,tests performed,0.001323208434039,1,0
912,AUT,Austria,2020-04-24,47,14985,61,508,14,1663.817,6.773,56.404,1.554,212686,6851,23.615,0.761,tests performed,0.001366367827133,1,0
913,AUT,Austria,2020-04-25,48,15068,83,513,5,1673.033,9.216,56.959,0.555,221089,8403,24.548,0.933,tests performed,0.001000251556906,1,0
919,AUT,Austria,2020-05-01,54,15457,93,584,4,1716.224,10.326,64.843,0.444,264079,7680,29.321,0.853,tests performed,0.001472486849015,1,0
920,AUT,Austria,2020-05-02,55,15531,74,589,5,1724.44,8.216,65.398,0.555,,,,,,0.001387444153319,1,0
2452,CHE,Switzerland,2020-03-07,1,209,122,1,0,24.149,14.097,0.116,0,6268,731,0.724,0.084,tests performed,0.001898107336009,1,2
2453,CHE,Switzerland,2020-03-08,2,264,55,1,0,30.504,6.355,0.116,0,7002,734,0.809,0.085,tests performed,0.001605934763658,1,2
2454,CHE,Switzerland,2020-03-09,3,332,68,2,1,38.361,7.857,0.231,0.116,8579,1577,0.991,0.182,tests performed,0.001199423759581,1,2
2456,CHE,Switzerland,2020-03-11,5,490,116,3,1,56.617,13.403,0.347,0.116,13284,2601,1.535,0.301,tests performed,0.001267338079833,1,2
2457,CHE,Switzerland,2020-03-12,6,642,152,4,1,74.18,17.563,0.462,0.116,17891,4607,2.067,0.532,tests performed,0.001893297934693,1,2
2458,CHE,Switzerland,2020-03-13,7,854,212,4,0,98.676,24.496,0.462,0,22508,4617,2.601,0.533,tests performed,0.001637209594623,2,0
2459,CHE,Switzerland,2020-03-14,8,1121,267,7,3,129.526,30.851,0.809,0.347,27475,4967,3.175,0.574,tests performed,0.001941736313859,2,0
2461,CHE,Switzerland,2020-03-16,10,2200,841,13,2,254.2,97.174,1.502,0.231,35445,5187,4.096,0.599,tests performed,0.011480652642437,3,3
2462,CHE,Switzerland,2020-03-17,11,2200,0,14,1,254.2,0,1.618,0.116,44382,8937,5.128,1.033,tests performed,0.014634396601069,1,2
2463,CHE,Switzerland,2020-03-18,12,2650,450,19,5,306.195,51.995,2.195,0.578,54605,10223,6.309,1.181,tests performed,0.014207169850879,2,0
2464,CHE,Switzerland,2020-03-19,13,3010,360,21,2,347.791,41.596,2.426,0.231,64148,9543,7.412,1.103,tests performed,0.008038539531288,2,0
2465,CHE,Switzerland,2020-03-20,14,3888,878,33,12,449.24,101.449,3.813,1.387,72263,8115,8.35,0.938,tests performed,0.009343375154144,4,1
2466,CHE,Switzerland,2020-03-21,15,4840,952,43,10,559.239,109.999,4.968,1.155,78478,6215,9.068,0.718,tests performed,0.010889154068666,4,1
2467,CHE,Switzerland,2020-03-22,16,6077,1237,56,13,702.168,142.929,6.471,1.502,82101,3623,9.486,0.419,tests performed,0.006399060931692,4,1
2468,CHE,Switzerland,2020-03-23,17,6971,894,60,4,805.466,103.297,6.933,0.462,88181,6080,10.189,0.703,tests performed,0.006197854521267,4,1
2469,CHE,Switzerland,2020-03-24,18,8015,1044,66,6,926.095,120.629,7.626,0.693,93993,5812,10.86,0.672,tests performed,0.005804761182277,4,1
2470,CHE,Switzerland,2020-03-25,19,8789,774,86,20,1015.527,89.432,9.937,2.311,101358,7365,11.711,0.851,tests performed,0.004566791323499,3,3
2471,CHE,Switzerland,2020-03-26,20,9714,925,103,17,1122.407,106.879,11.901,1.964,109626,8268,12.667,0.955,tests performed,0.004568080490637,4,1
2472,CHE,Switzerland,2020-03-27,21,10714,1000,161,58,1237.952,115.545,18.603,6.702,116726,7100,13.487,0.82,tests performed,0.003885966249091,4,1
2473,CHE,Switzerland,2020-03-28,22,12104,1390,197,36,1398.56,160.608,22.762,4.16,122511,5785,14.156,0.668,tests performed,0.008427849390872,4,1
2474,CHE,Switzerland,2020-03-29,23,13152,1048,235,38,1519.651,121.091,27.153,4.391,125915,3404,14.549,0.393,tests performed,0.007179419233021,4,1
2475,CHE,Switzerland,2020-03-30,24,14274,1122,257,22,1649.293,129.642,29.695,2.542,130102,4187,15.033,0.484,tests performed,0.006074438796204,4,1
2476,CHE,Switzerland,2020-03-31,25,15412,1138,295,38,1780.783,131.49,34.086,4.391,136865,6763,15.814,0.781,tests performed,0.001620886060363,4,1
2477,CHE,Switzerland,2020-04-01,26,16108,696,373,78,1861.203,80.419,43.098,9.013,143625,6760,16.595,0.781,tests performed,0.008463226423445,3,3
2478,CHE,Switzerland,2020-04-02,27,17070,962,378,5,1972.357,111.155,43.676,0.578,150765,7140,17.42,0.825,tests performed,0.007512048782449,4,1
2479,CHE,Switzerland,2020-04-03,28,18194,1124,432,54,2102.23,129.873,49.916,6.239,157309,6544,18.176,0.756,tests performed,0.007295106941828,4,1
2480,CHE,Switzerland,2020-04-04,29,19227,1033,484,52,2221.589,119.358,55.924,6.008,162684,5375,18.797,0.621,tests performed,0.002741391554747,4,1
2481,CHE,Switzerland,2020-04-05,30,20201,974,540,56,2334.13,112.541,62.394,6.471,166375,3691,19.224,0.426,tests performed,0.002551034620791,4,1
2482,CHE,Switzerland,2020-04-06,31,21022,821,559,19,2428.992,94.863,64.59,2.195,170337,3962,19.682,0.458,tests performed,0.003693813994727,3,3
2483,CHE,Switzerland,2020-04-07,32,21574,552,584,25,2492.773,63.781,67.478,2.889,176852,6515,20.434,0.753,tests performed,0.00721222956061,3,3
2484,CHE,Switzerland,2020-04-08,33,22164,590,641,57,2560.945,68.172,74.065,6.586,183586,6734,21.212,0.778,tests performed,0.004914682907024,3,3
2486,CHE,Switzerland,2020-04-10,35,23495,785,756,51,2714.736,90.703,87.352,5.893,193925,4216,22.407,0.487,tests performed,0.004294171196697,3,3
2487,CHE,Switzerland,2020-04-11,36,24228,733,805,49,2799.43,84.695,93.014,5.662,196800,2875,22.739,0.332,tests performed,0.00424326760686,3,3
2488,CHE,Switzerland,2020-04-12,37,24820,592,831,26,2867.833,68.403,96.018,3.004,199228,2428,23.02,0.281,tests performed,0.003371196099302,3,3
2489,CHE,Switzerland,2020-04-13,38,25220,400,858,27,2914.051,46.218,99.138,3.12,201443,2215,23.276,0.256,tests performed,0.00564275314166,2,0
2490,CHE,Switzerland,2020-04-14,39,25499,279,858,0,2946.288,32.237,99.138,0,205596,4153,23.756,0.48,tests performed,0.005328350996041,2,0
2491,CHE,Switzerland,2020-04-15,40,25753,254,900,42,2975.637,29.348,103.991,4.853,211106,5510,24.392,0.637,tests performed,0.002635989766564,2,0
2492,CHE,Switzerland,2020-04-16,41,26336,583,973,73,3043,67.363,112.426,8.435,216231,5125,24.984,0.592,tests performed,0.006183188217903,3,3
2493,CHE,Switzerland,2020-04-17,42,26651,315,1016,43,3079.396,36.397,117.394,4.968,220882,4651,25.522,0.537,tests performed,0.005908349943204,2,0
2494,CHE,Switzerland,2020-04-18,43,26997,346,1058,42,3119.375,39.979,122.247,4.853,224703,3821,25.963,0.441,tests performed,0.004949113413639,2,0
2497,CHE,Switzerland,2020-04-21,46,27826,168,1141,7,3215.162,19.412,131.837,0.809,235182,4908,27.174,0.567,tests performed,0.003172658646619,1,2
2498,CHE,Switzerland,2020-04-22,47,27981,155,1186,45,3233.072,17.91,137.037,5.2,239882,4700,27.717,0.543,tests performed,0.003408179278676,1,2
2500,CHE,Switzerland,2020-04-24,49,28414,228,1267,51,3283.103,26.344,146.396,5.893,249276,4847,28.803,0.56,tests performed,0.001259972831444,2,0
2504,CHE,Switzerland,2020-04-28,53,29081,103,1352,16,3360.171,11.901,156.217,1.849,264781,5305,30.594,0.613,tests performed,0.001912959498549,1,2
2505,CHE,Switzerland,2020-04-29,54,29181,100,1379,27,3371.726,11.555,159.337,3.12,264781,,30.594,0,tests performed,0.001277637563436,1,2
2507,CHE,Switzerland,2020-05-01,56,29503,179,1422,15,3408.932,20.683,164.305,1.733,,,,,,0.001335212139284,1,2
2508,CHE,Switzerland,2020-05-02,57,29622,119,1434,12,3422.681,13.75,165.692,1.387,,,,,,0.00101949016748,1,2
2587,CHN,China,2020-01-19,1,216,136,3,1,0.15,0.094,0.002,0.001,,,,,,0.001057113327245,1,0
2589,CHN,China,2020-01-21,3,386,151,6,3,0.268,0.105,0.004,0.002,,,,,,0.001050166030117,1,0
2590,CHN,China,2020-01-22,4,526,140,17,11,0.365,0.097,0.012,0.008,,,,,,0.001064279829453,1,0
2592,CHN,China,2020-01-24,6,882,259,26,9,0.613,0.18,0.018,0.006,,,,,,0.00121942822175,1,0
2593,CHN,China,2020-01-25,7,1323,441,41,15,0.919,0.306,0.028,0.01,,,,,,0.002500753755489,1,0
2594,CHN,China,2020-01-26,8,1988,665,56,15,1.381,0.462,0.039,0.01,,,,,,0.002955066213035,1,0
2595,CHN,China,2020-01-27,9,2775,787,81,25,1.928,0.547,0.056,0.017,,,,,,0.002550028936037,1,0
2596,CHN,China,2020-01-28,10,4528,1753,106,25,3.146,1.218,0.074,0.017,,,,,,0.008661516300341,2,2
2597,CHN,China,2020-01-29,11,5994,1466,132,26,4.164,1.019,0.092,0.018,,,,,,0.007208564020591,2,2
2598,CHN,China,2020-01-30,12,7734,1740,170,38,5.373,1.209,0.118,0.026,,,,,,0.002355156240036,2,2
2599,CHN,China,2020-01-31,13,9714,1980,213,43,6.749,1.376,0.148,0.03,,,,,,0.003737210477607,2,2
2600,CHN,China,2020-02-01,14,11809,2095,259,46,8.205,1.456,0.18,0.032,,,,,,0.002632025165939,2,2
2601,CHN,China,2020-02-02,15,14399,2590,304,45,10.004,1.799,0.211,0.031,,,,,,0.004709916485657,3,3
2602,CHN,China,2020-02-03,16,17211,2812,361,57,11.958,1.954,0.251,0.04,,,,,,0.005333778090168,3,3
2603,CHN,China,2020-02-04,17,20448,3237,426,65,14.207,2.249,0.296,0.045,,,,,,0.00477730913783,3,3
2604,CHN,China,2020-02-05,18,24320,3872,492,66,16.897,2.69,0.342,0.046,,,,,,0.007751688731516,4,1
2605,CHN,China,2020-02-06,19,28047,3727,564,72,19.486,2.589,0.392,0.05,,,,,,0.004835270752412,4,1
2606,CHN,China,2020-02-07,20,31207,3160,637,73,21.682,2.195,0.443,0.051,,,,,,0.00546755654628,3,3
2607,CHN,China,2020-02-08,21,34625,3418,723,86,24.056,2.375,0.502,0.06,,,,,,0.004125112873766,4,1
2608,CHN,China,2020-02-09,22,37232,2607,812,89,25.868,1.811,0.564,0.062,,,,,,0.006020890884602,3,3
2609,CHN,China,2020-02-10,23,40206,2974,909,97,27.934,2.066,0.632,0.067,,,,,,0.005901199836134,3,3
2610,CHN,China,2020-02-11,24,42696,2490,1017,108,29.664,1.73,0.707,0.075,,,,,,0.003669560960454,3,3
2611,CHN,China,2020-02-12,25,44724,2028,1114,97,31.073,1.409,0.774,0.067,,,,,,0.00687382129294,2,2
2613,CHN,China,2020-02-14,27,64021,4156,1381,13,44.48,2.887,0.959,0.009,,,,,,0.016265060967271,4,1
2614,CHN,China,2020-02-15,28,66559,2538,1524,143,46.243,1.763,1.059,0.099,,,,,,0.01614455742723,3,3
2615,CHN,China,2020-02-16,29,68566,2007,1666,142,47.638,1.394,1.157,0.099,,,,,,0.016265820394104,2,2
2616,CHN,China,2020-02-17,30,70618,2052,1771,105,49.063,1.426,1.23,0.073,,,,,,0.004278583262745,2,2
2617,CHN,China,2020-02-18,31,72508,1890,1869,98,50.376,1.313,1.299,0.068,,,,,,0.001215149513043,2,2
2618,CHN,China,2020-02-19,32,74258,1750,2008,139,51.592,1.216,1.395,0.097,,,,,,0.002196133207506,2,2
2619,CHN,China,2020-02-20,33,74652,394,2120,112,51.866,0.274,1.473,0.078,,,,,,0.012006625429038,1,0
2620,CHN,China,2020-02-21,34,75543,891,2238,118,52.485,0.619,1.555,0.082,,,,,,0.009968410500614,1,0
2621,CHN,China,2020-02-22,35,76369,826,2347,109,53.059,0.574,1.631,0.076,,,,,,0.003925445683399,1,0
2622,CHN,China,2020-02-23,36,77016,647,2445,98,53.508,0.45,1.699,0.068,,,,,,0.001836156167335,1,0
2623,CHN,China,2020-02-24,37,77234,218,2595,150,53.66,0.151,1.803,0.104,,,,,,0.004540221005553,1,0
2624,CHN,China,2020-02-25,38,77749,515,2665,70,54.018,0.358,1.852,0.049,,,,,,0.003192839488358,1,0
2625,CHN,China,2020-02-26,39,78159,410,2717,52,54.303,0.285,1.888,0.036,,,,,,0.002188508307204,1,0
2629,CHN,China,2020-03-01,43,79929,574,2872,35,55.532,0.399,1.995,0.024,,,,,,0.001790942345234,1,0
2630,CHN,China,2020-03-02,44,80134,205,2914,42,55.675,0.142,2.025,0.029,,,,,,0.002700371348399,1,0
2631,CHN,China,2020-03-03,45,80261,127,2946,32,55.763,0.088,2.047,0.022,,,,,,0.0034695221513,1,0
2676,CHN,China,2020-04-17,90,83754,352,4636,1290,58.19,0.245,3.221,0.896,,,,,,0.00253784143904,1,0
2677,CHN,China,2020-04-18,91,83785,31,4636,0,58.211,0.022,3.221,0,,,,,,0.002616980224919,1,0
2678,CHN,China,2020-04-19,92,83803,18,4636,0,58.224,0.013,3.221,0,,,,,,0.002749192130833,1,0
6368,IND,India,2020-03-23,1,439,119,7,3,0.318,0.086,0.005,0.002,20707,3708,0.015,0.003,samples tested,0.00106811076721,1,0
6373,IND,India,2020-03-28,6,873,149,19,2,0.633,0.108,0.014,0.001,,,,,,0.001063736233741,1,0
6376,IND,India,2020-03-31,9,1251,180,32,3,0.907,0.13,0.023,0.002,,,,,,0.001266508508414,1,0
6377,IND,India,2020-04-01,10,1397,146,35,3,1.012,0.106,0.025,0.002,,,,,,0.001188589332236,1,0
6378,IND,India,2020-04-02,11,1965,568,50,15,1.424,0.412,0.036,0.011,47951,,0.035,,samples tested,0.006279302099039,2,2
6379,IND,India,2020-04-03,12,2301,336,56,6,1.667,0.243,0.041,0.004,69245,21294,0.05,0.015,samples tested,0.005660704257729,1,0
6380,IND,India,2020-04-04,13,2902,601,68,12,2.103,0.436,0.049,0.009,79950,10705,0.058,0.008,samples tested,0.003868042094937,2,2
6381,IND,India,2020-04-05,14,3374,472,77,9,2.445,0.342,0.056,0.007,89534,9584,0.065,0.007,samples tested,0.003549266335686,2,2
6382,IND,India,2020-04-06,15,4067,693,109,32,2.947,0.502,0.079,0.023,101068,11534,0.073,0.008,samples tested,0.002973404060414,2,2
6383,IND,India,2020-04-07,16,4421,354,114,5,3.204,0.257,0.083,0.004,114015,12947,0.083,0.009,samples tested,0.00460917494384,1,0
6384,IND,India,2020-04-08,17,5194,773,149,35,3.764,0.56,0.108,0.025,127919,13904,0.093,0.01,samples tested,0.005957835672688,2,2
6385,IND,India,2020-04-09,18,5734,540,166,17,4.155,0.391,0.12,0.012,144910,16991,0.105,0.012,samples tested,0.005622961216908,2,2
6386,IND,India,2020-04-10,19,6412,678,199,33,4.646,0.491,0.144,0.024,161330,16420,0.117,0.012,samples tested,0.003137975024866,2,2
6387,IND,India,2020-04-11,20,7447,1035,239,40,5.396,0.75,0.173,0.029,179374,18044,0.13,0.013,samples tested,0.006841832751864,3,3
6388,IND,India,2020-04-12,21,8356,909,273,34,6.055,0.659,0.198,0.025,195748,16374,0.142,0.012,samples tested,0.004849347551674,2,2
6389,IND,India,2020-04-13,22,9152,796,308,35,6.632,0.577,0.223,0.025,217554,21806,0.158,0.016,samples tested,0.003202242113769,2,2
6390,IND,India,2020-04-14,23,10363,1211,339,31,7.509,0.878,0.246,0.022,244893,27339,0.177,0.02,samples tested,0.005746545525749,3,3
6391,IND,India,2020-04-15,24,11438,1075,377,38,8.288,0.779,0.273,0.028,274599,29706,0.199,0.022,samples tested,0.005666551865278,3,3
6392,IND,India,2020-04-16,25,12380,942,414,37,8.971,0.683,0.3,0.027,302956,28357,0.22,0.021,samples tested,0.003602495930876,2,2
6393,IND,India,2020-04-17,26,13387,1007,437,23,9.701,0.73,0.317,0.017,335123,32167,0.243,0.023,samples tested,0.001781273807014,3,3
6395,IND,India,2020-04-19,28,15712,1334,507,27,11.385,0.967,0.367,0.02,401586,29463,0.291,0.021,samples tested,0.005184747136907,3,3
6396,IND,India,2020-04-20,29,17265,1553,543,36,12.511,1.125,0.393,0.026,,,,,,0.007587068175702,3,3
6397,IND,India,2020-04-21,30,18600,1335,590,47,13.478,0.967,0.428,0.034,462621,,0.335,,samples tested,0.003378830744852,3,3
6398,IND,India,2020-04-22,31,19984,1384,640,50,14.481,1.003,0.464,0.036,,,,,,0.003063322247141,3,3
6399,IND,India,2020-04-23,32,21393,1409,681,41,15.502,1.021,0.493,0.03,500542,,0.363,,samples tested,0.001008224246021,3,3
6400,IND,India,2020-04-24,33,23077,1684,718,37,16.722,1.22,0.52,0.027,541789,41247,0.393,0.03,samples tested,0.004458383409095,4,1
6401,IND,India,2020-04-25,34,24506,1429,775,57,17.758,1.036,0.562,0.041,579957,38168,0.42,0.028,samples tested,0.004106606896688,3,3
6402,IND,India,2020-04-26,35,26496,1990,824,49,19.2,1.442,0.597,0.036,625309,45352,0.453,0.033,samples tested,0.007523197394247,4,1
6403,IND,India,2020-04-27,36,27892,1396,872,48,20.212,1.012,0.632,0.035,665819,40510,0.482,0.029,samples tested,0.008941177413779,3,3
6404,IND,India,2020-04-28,37,29435,1543,934,62,21.33,1.118,0.677,0.045,716733,50914,0.519,0.037,samples tested,0.008286070067959,3,3
6405,IND,India,2020-04-29,38,31332,1897,1007,73,22.704,1.375,0.73,0.053,770764,54031,0.559,0.039,samples tested,0.006897595864155,4,1
6406,IND,India,2020-04-30,39,33050,1718,1074,67,23.949,1.245,0.778,0.049,830201,59437,0.602,0.043,samples tested,0.004740833684333,4,1
6407,IND,India,2020-05-01,40,35043,1993,1147,73,25.393,1.444,0.831,0.053,902654,72453,0.654,0.053,samples tested,0.003738267749924,4,1
6408,IND,India,2020-05-02,41,37336,2293,1218,71,27.055,1.662,0.883,0.051,,,,,,0.007702768519542,4,1
6841,ISL,Iceland,2020-03-04,1,16,10,0,0,46.886,29.304,0,0,264,81,0.774,0.237,samples,0.002424304195518,2,1
6842,ISL,Iceland,2020-03-05,2,26,10,0,0,76.19,29.304,0,0,326,62,0.955,0.182,samples,0.002247748545232,2,1
6846,ISL,Iceland,2020-03-09,6,55,2,0,0,161.172,5.861,0,0,576,98,1.688,0.287,samples,0.002315535038338,1,3
6847,ISL,Iceland,2020-03-10,7,65,10,0,0,190.476,29.304,0,0,745,169,2.183,0.495,samples,0.002568855480265,2,1
6848,ISL,Iceland,2020-03-11,8,70,5,0,0,205.128,14.652,0,0,894,149,2.62,0.437,samples,0.002247748545232,1,3
6849,ISL,Iceland,2020-03-12,9,85,15,0,0,249.084,43.956,0,0,1147,253,3.361,0.741,samples,0.002780867630701,2,1
6850,ISL,Iceland,2020-03-13,10,117,32,0,0,342.857,93.773,0,0,1504,357,4.407,1.046,samples,0.007591989332385,3,0
6851,ISL,Iceland,2020-03-14,11,117,0,0,0,342.857,0,0,0,1827,323,5.354,0.947,samples,0.008904568007803,1,3
6852,ISL,Iceland,2020-03-15,12,138,21,0,0,404.396,61.538,0,0,2902,1075,8.504,3.15,samples,0.009042453391366,2,1
6853,ISL,Iceland,2020-03-16,13,178,40,0,0,521.612,117.216,0,0,4609,1707,13.506,5.002,samples,0.011128104337011,3,0
6854,ISL,Iceland,2020-03-17,14,199,21,0,0,583.15,61.538,0,0,6009,1400,17.609,4.103,samples,0.00610103176563,2,1
6855,ISL,Iceland,2020-03-18,15,247,48,0,0,723.81,140.659,0,0,7837,1828,22.966,5.357,samples,0.007713253267599,3,0
6856,ISL,Iceland,2020-03-19,16,250,3,0,0,732.601,8.791,0,0,9148,1311,26.807,3.842,samples,0.012597054118917,1,3
6857,ISL,Iceland,2020-03-20,17,330,80,1,1,967.033,234.432,2.93,2.93,9727,579,28.504,1.697,samples,0.021514164647222,4,2
6858,ISL,Iceland,2020-03-21,18,409,79,1,0,1198.535,231.502,2.93,0,10077,350,29.53,1.026,samples,0.024566254533212,4,2
6859,ISL,Iceland,2020-03-22,19,473,64,1,0,1386.081,187.546,2.93,0,10260,183,30.066,0.536,samples,0.004984920155635,4,2
6860,ISL,Iceland,2020-03-23,20,568,95,1,0,1664.469,278.388,2.93,0,10719,459,31.411,1.345,samples,0.008622184615672,4,2
6861,ISL,Iceland,2020-03-24,21,588,20,2,1,1723.077,58.608,5.861,2.93,11686,967,34.245,2.834,samples,0.020960684080873,2,1
6862,ISL,Iceland,2020-03-25,22,648,60,2,0,1898.901,175.824,5.861,0,12574,888,36.847,2.602,samples,0.020871950777156,4,2
6863,ISL,Iceland,2020-03-26,23,737,89,2,0,2159.707,260.806,5.861,0,13572,998,39.771,2.925,samples,0.019269091807315,4,2
6864,ISL,Iceland,2020-03-27,24,802,65,2,0,2350.183,190.476,5.861,0,14594,1022,42.766,2.995,samples,0.008622184615672,4,2
6865,ISL,Iceland,2020-03-28,25,890,88,2,0,2608.059,257.875,5.861,0,15443,849,45.254,2.488,samples,0.007551135281578,4,2
6866,ISL,Iceland,2020-03-29,26,963,73,2,0,2821.978,213.919,5.861,0,16443,1000,48.185,2.93,samples,0.006493985868794,4,2
6867,ISL,Iceland,2020-03-30,27,1020,57,2,0,2989.011,167.033,5.861,0,17863,1420,52.346,4.161,samples,0.008622184615672,4,2
6868,ISL,Iceland,2020-03-31,28,1086,66,2,0,3182.418,193.407,5.861,0,19475,1612,57.07,4.724,samples,0.004460960109572,4,2
6869,ISL,Iceland,2020-04-01,29,1135,49,2,0,3326.007,143.59,5.861,0,20889,1414,61.213,4.144,samples,0.004730200527317,3,0
6870,ISL,Iceland,2020-04-02,30,1220,85,2,0,3575.092,249.084,5.861,0,22154,1265,64.92,3.707,samples,0.01001627190155,4,2
6871,ISL,Iceland,2020-04-03,31,1319,99,4,2,3865.201,290.11,11.722,5.861,23599,1445,69.155,4.234,samples,0.014345971169561,4,2
6872,ISL,Iceland,2020-04-04,32,1364,45,4,0,3997.07,131.868,11.722,0,25353,1754,74.295,5.14,samples,0.015586095333321,3,0
6873,ISL,Iceland,2020-04-05,33,1417,53,4,0,4152.381,155.311,11.722,0,27839,2486,81.579,7.285,samples,0.016208745268368,3,0
6874,ISL,Iceland,2020-04-06,34,1486,69,4,0,4354.579,202.198,11.722,0,28951,1112,84.838,3.259,samples,0.006796552754847,4,2
6875,ISL,Iceland,2020-04-07,35,1562,76,6,2,4577.289,222.711,17.582,5.861,30906,1955,90.567,5.729,samples,0.006557189167159,4,2
6876,ISL,Iceland,2020-04-08,36,1586,24,6,0,4647.619,70.33,17.582,0,32582,1676,95.478,4.911,samples,0.015694871348385,2,1
6877,ISL,Iceland,2020-04-09,37,1616,30,6,0,4735.531,87.912,17.582,0,34084,1502,99.88,4.401,samples,0.015822460729219,3,0
6878,ISL,Iceland,2020-04-10,38,1648,32,6,0,4829.304,93.773,17.582,0,34594,510,101.374,1.495,samples,0.002315535038338,3,0
6879,ISL,Iceland,2020-04-11,39,1675,27,7,1,4908.425,79.121,20.513,2.93,35212,618,103.185,1.811,samples,0.001399672679879,3,0
6880,ISL,Iceland,2020-04-12,40,1689,14,8,1,4949.451,41.026,23.443,2.93,35447,235,103.874,0.689,samples,0.005167727054048,2,1
6881,ISL,Iceland,2020-04-13,41,1701,12,8,0,4984.615,35.165,23.443,0,36298,851,106.368,2.494,samples,0.004529770753752,2,1
6882,ISL,Iceland,2020-04-14,42,1711,10,8,0,5013.919,29.304,23.443,0,37345,1047,109.436,3.068,samples,0.00111234705228,2,1
6885,ISL,Iceland,2020-04-17,45,1739,12,8,0,5095.971,35.165,23.443,0,41050,1555,120.293,4.557,samples,0.001399672679879,2,1
6886,ISL,Iceland,2020-04-18,46,1754,15,8,0,5139.927,43.956,23.443,0,42721,1671,125.19,4.897,samples,0.002247748545232,2,1
6887,ISL,Iceland,2020-04-19,47,1760,6,9,1,5157.509,17.582,26.374,2.93,43102,381,126.306,1.116,samples,0.002548707283068,1,3
6888,ISL,Iceland,2020-04-20,48,1771,11,9,0,5189.744,32.234,26.374,0,43790,688,128.322,2.016,samples,0.002507925335274,2,1
6889,ISL,Iceland,2020-04-21,49,1773,2,10,1,5195.604,5.861,29.304,2.93,44427,637,130.189,1.867,samples,0.002507925335274,1,3
6890,ISL,Iceland,2020-04-22,50,1778,5,10,0,5210.256,14.652,29.304,0,45052,625,132.021,1.832,samples,0.002548707283068,1,3
6891,ISL,Iceland,2020-04-23,51,1785,7,10,0,5230.769,20.513,29.304,0,45245,193,132.586,0.566,samples,0.001399672679879,2,1
6893,ISL,Iceland,2020-04-25,53,1789,0,10,0,5242.491,0,29.304,0,46311,381,135.71,1.116,samples,0.001953217232638,1,3
6894,ISL,Iceland,2020-04-26,54,1790,1,10,0,5245.421,2.93,29.304,0,46336,25,135.783,0.073,samples,0.001157767519169,1,3
7770,KOR,South Korea,2020-02-20,1,80,34,0,0,1.56,0.663,0,0,12161,1750,0.237,0.034,cases tested,0.001536457421002,1,0
7771,KOR,South Korea,2020-02-21,2,155,75,1,1,3.023,1.463,0.02,0.02,14816,2655,0.289,0.052,cases tested,0.002844606216971,1,0
7772,KOR,South Korea,2020-02-22,3,345,190,2,1,6.729,3.706,0.039,0.02,19621,4805,0.383,0.094,cases tested,0.007502071184081,2,2
7773,KOR,South Korea,2020-02-23,4,601,256,5,3,11.722,4.993,0.098,0.059,22633,3012,0.441,0.059,cases tested,0.008497102293894,2,2
7774,KOR,South Korea,2020-02-24,5,762,161,7,2,14.863,3.14,0.137,0.039,28615,5982,0.558,0.117,cases tested,0.004516332949132,2,2
7775,KOR,South Korea,2020-02-25,6,892,130,8,1,17.398,2.536,0.156,0.02,36716,8101,0.716,0.158,cases tested,0.006090271696863,2,2
7776,KOR,South Korea,2020-02-26,7,1146,254,11,3,22.353,4.954,0.215,0.059,46127,9411,0.9,0.184,cases tested,0.00598623803186,2,2
7777,KOR,South Korea,2020-02-27,8,1595,449,12,1,31.11,8.758,0.234,0.02,57990,11863,1.131,0.231,cases tested,0.01491757735022,3,1
7778,KOR,South Korea,2020-02-28,9,2022,427,13,1,39.439,8.329,0.254,0.02,70940,12950,1.384,0.253,cases tested,0.009907276155187,3,1
7779,KOR,South Korea,2020-02-29,10,2931,909,16,3,57.169,17.73,0.312,0.059,85693,14753,1.671,0.288,cases tested,0.025246230794113,4,3
7780,KOR,South Korea,2020-03-01,11,3526,595,17,1,68.774,11.605,0.332,0.02,96985,11292,1.892,0.22,cases tested,0.02269550870556,3,1
7781,KOR,South Korea,2020-03-02,12,4212,686,22,5,82.155,13.38,0.429,0.098,109591,12606,2.138,0.246,cases tested,0.014986831085964,4,3
7782,KOR,South Korea,2020-03-03,13,4812,600,28,6,93.858,11.703,0.546,0.117,125851,16260,2.455,0.317,cases tested,0.004745512268063,3,1
7783,KOR,South Korea,2020-03-04,14,5328,516,32,4,103.922,10.065,0.624,0.078,136707,10856,2.666,0.212,cases tested,0.007885154059527,3,1
7784,KOR,South Korea,2020-03-05,15,5766,438,35,3,112.465,8.543,0.683,0.059,146541,9834,2.858,0.192,cases tested,0.007515632319306,3,1
7785,KOR,South Korea,2020-03-06,16,6284,518,42,7,122.569,10.104,0.819,0.137,164740,18199,3.213,0.355,cases tested,0.004232062365102,3,1
7786,KOR,South Korea,2020-03-07,17,6767,483,44,2,131.99,9.421,0.858,0.039,178189,13449,3.476,0.262,cases tested,0.003720225545923,3,1
7787,KOR,South Korea,2020-03-08,18,7134,367,50,6,139.148,7.158,0.975,0.117,188518,10329,3.677,0.201,cases tested,0.007331907751471,3,1
7788,KOR,South Korea,2020-03-09,19,7382,248,51,1,143.985,4.837,0.995,0.02,196618,8100,3.835,0.158,cases tested,0.01090011052375,2,2
7789,KOR,South Korea,2020-03-10,20,7513,131,54,3,146.54,2.555,1.053,0.059,210144,13526,4.099,0.264,cases tested,0.010946327682832,2,2
7790,KOR,South Korea,2020-03-11,21,7755,242,60,6,151.26,4.72,1.17,0.117,222395,12251,4.338,0.239,cases tested,0.006111898482386,2,2
7791,KOR,South Korea,2020-03-12,22,7869,114,66,6,153.484,2.224,1.287,0.117,234998,12603,4.584,0.246,cases tested,0.006448514507776,1,0
7792,KOR,South Korea,2020-03-13,23,7979,110,67,1,155.63,2.146,1.307,0.02,248647,13649,4.85,0.266,cases tested,0.006964951502932,1,0
7794,KOR,South Korea,2020-03-15,25,8162,76,75,3,159.199,1.482,1.463,0.059,268212,6877,5.231,0.134,cases tested,0.001746172900865,1,0
7795,KOR,South Korea,2020-03-16,26,8236,74,75,0,160.642,1.443,1.463,0,274504,6292,5.354,0.123,cases tested,0.001716349917919,1,0
7798,KOR,South Korea,2020-03-19,29,8565,152,91,5,167.059,2.965,1.775,0.098,307024,11377,5.988,0.222,cases tested,0.003426427003949,2,2
7799,KOR,South Korea,2020-03-20,30,8652,87,100,9,168.756,1.697,1.95,0.176,316664,9640,6.176,0.188,cases tested,0.003332208726913,1,0
7800,KOR,South Korea,2020-03-21,31,8799,147,103,3,171.624,2.867,2.009,0.059,327509,10845,6.388,0.212,cases tested,0.00335537019391,2,2
7801,KOR,South Korea,2020-03-22,32,8897,98,104,1,173.535,1.911,2.029,0.02,331780,4271,6.471,0.083,cases tested,0.002963140719371,1,0
7802,KOR,South Korea,2020-03-23,33,8961,64,113,9,174.783,1.248,2.204,0.176,338036,6256,6.593,0.122,cases tested,0.003870620787574,1,0
7803,KOR,South Korea,2020-03-24,34,9037,76,120,7,176.266,1.482,2.341,0.137,348582,10546,6.799,0.206,cases tested,0.001599569221568,1,0
7804,KOR,South Korea,2020-03-25,35,9137,100,126,6,178.216,1.95,2.458,0.117,357896,9314,6.981,0.182,cases tested,0.001700399144696,1,0
7805,KOR,South Korea,2020-03-26,36,9241,104,131,5,180.245,2.029,2.555,0.098,364942,7046,7.118,0.137,cases tested,0.001404801075028,1,0
7807,KOR,South Korea,2020-03-28,38,9478,146,144,5,184.867,2.848,2.809,0.098,387925,10964,7.566,0.214,cases tested,0.002666606142529,2,2
7808,KOR,South Korea,2020-03-29,39,9583,105,152,8,186.915,2.048,2.965,0.156,394141,6216,7.688,0.121,cases tested,0.002651503882738,1,0
7809,KOR,South Korea,2020-03-30,40,9661,78,158,6,188.437,1.521,3.082,0.117,395194,1053,7.708,0.021,cases tested,0.003176192354031,1,0
7810,KOR,South Korea,2020-03-31,41,9786,125,163,5,190.875,2.438,3.179,0.098,410564,15370,8.008,0.3,cases tested,0.002188007368007,2,2
7811,KOR,South Korea,2020-04-01,42,9786,0,163,0,190.875,0,3.179,0,421547,10983,8.222,0.214,cases tested,0.005856903179095,1,0
7812,KOR,South Korea,2020-04-02,43,9976,190,169,6,194.581,3.706,3.296,0.117,431743,10196,8.421,0.199,cases tested,0.008957888643705,2,2
7813,KOR,South Korea,2020-04-03,44,10062,86,174,5,196.258,1.677,3.394,0.098,443273,11530,8.646,0.225,cases tested,0.008825788417266,1,0
7814,KOR,South Korea,2020-04-04,45,10156,94,177,3,198.092,1.833,3.452,0.059,455032,11759,8.875,0.229,cases tested,0.005368592310256,1,0
7816,KOR,South Korea,2020-04-06,47,10284,47,186,3,200.588,0.917,3.628,0.059,466804,5571,9.105,0.109,cases tested,0.002251328589891,1,0
7817,KOR,South Korea,2020-04-07,48,10331,47,192,6,201.505,0.917,3.745,0.117,477304,10500,9.31,0.205,cases tested,0.001820956322119,1,0
7820,KOR,South Korea,2020-04-10,51,10450,27,208,4,203.826,0.527,4.057,0.078,503051,8340,9.812,0.163,cases tested,0.00120712562127,1,0
7821,KOR,South Korea,2020-04-11,52,10450,0,208,0,203.826,0,4.057,0,510479,7428,9.957,0.145,cases tested,0.001852967008853,1,0
7822,KOR,South Korea,2020-04-12,53,10512,62,214,6,205.035,1.209,4.174,0.117,514621,4142,10.038,0.081,cases tested,0.002883664423509,1,0
7823,KOR,South Korea,2020-04-13,54,10537,25,217,3,205.523,0.488,4.233,0.059,518743,4122,10.118,0.08,cases tested,0.002893594426805,1,0
7824,KOR,South Korea,2020-04-14,55,10564,27,222,5,206.05,0.527,4.33,0.098,527438,8695,10.288,0.17,cases tested,0.001930301674089,1,0
10611,NZL,New Zealand,2020-03-18,1,20,12,0,0,4.147,2.488,0,0,2919,1209,0.605,0.251,tests performed,0.005363988121956,2,3
10612,NZL,New Zealand,2020-03-19,2,28,8,0,0,5.806,1.659,0,0,4210,1291,0.873,0.268,tests performed,0.004438468215915,1,1
10613,NZL,New Zealand,2020-03-20,3,39,11,0,0,8.088,2.281,0,0,5764,1554,1.195,0.322,tests performed,0.00183568430288,2,3
10614,NZL,New Zealand,2020-03-21,4,53,14,0,0,10.991,2.903,0,0,6940,1176,1.439,0.244,tests performed,0.002645502645503,2,3
10615,NZL,New Zealand,2020-03-22,5,66,13,0,0,13.687,2.696,0,0,8196,1256,1.7,0.26,tests performed,0.001347024013802,2,3
10616,NZL,New Zealand,2020-03-23,6,102,36,0,0,21.152,7.465,0,0,9246,1050,1.917,0.218,tests performed,0.011463844797178,3,0
10617,NZL,New Zealand,2020-03-24,7,142,40,0,0,29.447,8.295,0,0,10790,1544,2.238,0.32,tests performed,0.012849790120161,3,0
10618,NZL,New Zealand,2020-03-25,8,189,47,0,0,39.193,9.747,0,0,13382,2592,2.775,0.538,tests performed,0.004909845117134,3,0
10619,NZL,New Zealand,2020-03-26,9,262,73,0,0,54.332,15.138,0,0,15499,2117,3.214,0.439,tests performed,0.015333099771599,4,2
10620,NZL,New Zealand,2020-03-27,10,338,76,0,0,70.092,15.76,0,0,17566,2067,3.643,0.429,tests performed,0.01406334357896,4,2
10621,NZL,New Zealand,2020-03-28,11,416,78,0,0,86.267,16.175,0,0,19375,1809,4.018,0.375,tests performed,0.002219234107957,4,2
10622,NZL,New Zealand,2020-03-29,12,476,60,1,1,98.709,12.442,0.207,0.207,20293,918,4.208,0.19,tests performed,0.008699969774808,4,2
10623,NZL,New Zealand,2020-03-30,13,552,76,1,0,114.47,15.76,0.207,0,21684,1391,4.497,0.288,tests performed,0.008699969774808,4,2
10624,NZL,New Zealand,2020-03-31,14,647,95,1,0,134.17,19.7,0.207,0,23777,2093,4.931,0.434,tests performed,0.015450983657791,4,2
10625,NZL,New Zealand,2020-04-01,15,647,0,1,0,134.17,0,0.207,0,26339,2562,5.462,0.531,tests performed,0.044329166587502,1,1
10626,NZL,New Zealand,2020-04-02,16,723,76,1,0,149.931,15.76,0.207,0,29785,3446,6.177,0.715,tests performed,0.044329166587502,4,2
10627,NZL,New Zealand,2020-04-03,17,772,49,1,0,160.092,10.161,0.207,0,33416,3631,6.93,0.753,tests performed,0.033974468057047,3,0
10628,NZL,New Zealand,2020-04-04,18,824,52,1,0,170.875,10.783,0.207,0,36509,3093,7.571,0.641,tests performed,0.013049954662212,3,0
10629,NZL,New Zealand,2020-04-05,19,872,48,1,0,180.829,9.954,0.207,0,40218,3709,8.34,0.769,tests performed,0.00183568430288,3,0
10630,NZL,New Zealand,2020-04-06,20,911,39,1,0,188.917,8.088,0.207,0,43126,2908,8.943,0.603,tests performed,0.005871541550687,3,0
10631,NZL,New Zealand,2020-04-07,21,943,32,1,0,195.553,6.636,0.207,0,47175,4049,9.783,0.84,tests performed,0.007073021408299,3,0
10632,NZL,New Zealand,2020-04-08,22,969,26,1,0,200.944,5.392,0.207,0,51165,3990,10.61,0.827,tests performed,0.005737572397397,2,3
10633,NZL,New Zealand,2020-04-09,23,992,23,1,0,205.714,4.77,0.207,0,55685,4520,11.548,0.937,tests performed,0.004041072041407,2,3
10634,NZL,New Zealand,2020-04-10,24,1015,23,2,1,210.483,4.77,0.415,0.207,58746,3061,12.182,0.635,tests performed,0.001527381664522,2,3
10635,NZL,New Zealand,2020-04-11,25,1035,20,4,2,214.631,4.147,0.829,0.415,61167,2421,12.684,0.502,tests performed,0.001527381664522,2,3
10636,NZL,New Zealand,2020-04-12,26,1049,14,4,0,217.534,2.903,0.829,0,62827,1660,13.029,0.344,tests performed,0.004041072041407,2,3
10637,NZL,New Zealand,2020-04-13,27,1064,15,5,1,220.645,3.111,1.037,0.207,64399,1572,13.355,0.326,tests performed,0.002834700400056,2,3
10638,NZL,New Zealand,2020-04-14,28,1072,8,9,4,222.304,1.659,1.866,0.829,66499,2100,13.79,0.435,tests performed,0.003338570456085,1,1
10639,NZL,New Zealand,2020-04-15,29,1078,6,9,0,223.548,1.244,1.866,0,70160,3661,14.549,0.759,tests performed,0.004167385913803,1,1
10640,NZL,New Zealand,2020-04-16,30,1084,6,9,0,224.792,1.244,1.866,0,74401,4241,15.429,0.879,tests performed,0.001018254443014,1,1
10641,NZL,New Zealand,2020-04-17,31,1086,2,11,2,225.207,0.415,2.281,0.415,79078,4677,16.399,0.97,tests performed,0.00203650888603,1,1
10642,NZL,New Zealand,2020-04-18,32,1094,8,11,0,226.866,1.659,2.281,0,83224,4146,17.258,0.86,tests performed,0.002694048027605,1,1
10643,NZL,New Zealand,2020-04-19,33,1098,4,12,1,227.695,0.829,2.488,0.207,86305,3081,17.897,0.639,tests performed,0.002694048027605,1,1
10644,NZL,New Zealand,2020-04-20,34,1105,7,12,0,229.147,1.452,2.488,0,89508,3203,18.562,0.664,tests performed,0.00183568430288,1,1
10645,NZL,New Zealand,2020-04-21,35,1107,2,13,1,229.562,0.415,2.696,0.207,94797,5289,19.658,1.097,tests performed,0.002219234107957,1,1
10646,NZL,New Zealand,2020-04-22,36,1112,5,14,1,230.599,1.037,2.903,0.207,101277,6480,21.002,1.344,tests performed,0.002219234107957,1,1
10647,NZL,New Zealand,2020-04-23,37,1112,0,16,2,230.599,0,3.318,0.415,108238,6961,22.446,1.444,tests performed,0.002219234107957,1,1
10648,NZL,New Zealand,2020-04-24,38,1114,2,17,1,231.013,0.415,3.525,0.207,115015,6777,23.851,1.405,tests performed,0.002219234107957,1,1
10649,NZL,New Zealand,2020-04-25,39,1117,3,18,1,231.635,0.622,3.733,0.207,120981,5966,25.088,1.237,tests performed,0.001347024013802,1,1
10651,NZL,New Zealand,2020-04-27,41,1122,1,19,1,232.672,0.207,3.94,0.207,126066,2146,26.143,0.445,tests performed,0.001347024013802,1,1
10652,NZL,New Zealand,2020-04-28,42,1124,2,19,0,233.087,0.415,3.94,0,128703,2637,26.69,0.547,tests performed,0.001347024013802,1,1
