,geoId,countriesAndTerritories,Dates,cum_day,total_cases,cases,total_deaths,new_deaths,total_cases_per_million,new_cases_per_million,total_deaths_per_million,new_deaths_per_million,total_tests,new_tests,total_tests_per_thousand,new_tests_per_thousand,tests_units,rolling_std,Stages
743,AUS,Australia,2020-03-10,46,100,20,3,0,3.9219999999999997,0.784,0.11800000000000001,0.0,,,,,,0.0010484112434753343,1
744,AUS,Australia,2020-03-11,47,112,12,3,0,4.3919999999999995,0.47100000000000003,0.11800000000000001,0.0,,,,,,0.0010379443133690693,1
746,AUS,Australia,2020-03-13,49,156,30,3,0,6.117999999999999,1.176,0.11800000000000001,0.0,,,,,,0.0014579231158020534,1
747,AUS,Australia,2020-03-14,50,197,41,3,0,7.726,1.608,0.11800000000000001,0.0,,,,,,0.0020063456829137786,1
748,AUS,Australia,2020-03-15,51,249,52,3,0,9.765,2.039,0.11800000000000001,0.0,,,,,,0.0016255356878971496,1
750,AUS,Australia,2020-03-17,53,375,77,5,0,14.706,3.02,0.196,0.0,,,,,,0.00227178021922077,1
751,AUS,Australia,2020-03-18,54,454,79,5,0,17.804000000000002,3.0980000000000003,0.196,0.0,,,,,,0.002478645510154008,1
752,AUS,Australia,2020-03-19,55,565,111,6,1,22.156999999999996,4.353,0.235,0.039,,,,,,0.002819385847249727,1
753,AUS,Australia,2020-03-20,56,709,144,6,0,27.804000000000002,5.647,0.235,0.0,,,,,,0.004802908530515151,1
754,AUS,Australia,2020-03-21,57,874,165,7,1,34.275,6.471,0.275,0.039,,,,,,0.004022656299339794,1
755,AUS,Australia,2020-03-22,58,1098,224,7,0,43.059,8.783999999999999,0.275,0.0,143056.0,,5.61,,tests performed,0.006129289375226101,1
756,AUS,Australia,2020-03-23,59,1709,611,7,0,67.02,23.961,0.275,0.0,,,,,,0.0358015566855725,1
757,AUS,Australia,2020-03-24,60,1823,114,7,0,71.491,4.471,0.275,0.0,,,,,,0.03857669968652387,1
758,AUS,Australia,2020-03-25,61,2423,600,8,1,95.02,23.53,0.314,0.039,,,,,,0.04194191709026175,1
759,AUS,Australia,2020-03-26,62,2799,376,11,3,109.765,14.745,0.431,0.11800000000000001,,,,,,0.03594613173292304,1
760,AUS,Australia,2020-03-27,63,3166,367,13,2,124.15700000000001,14.392000000000001,0.51,0.078,,,,,,0.01950661483969616,1
761,AUS,Australia,2020-03-28,64,3378,212,13,0,132.471,8.314,0.51,0.0,,,,,,0.013624538541306526,1
762,AUS,Australia,2020-03-29,65,3809,431,14,1,149.373,16.902,0.5489999999999999,0.039,211261.0,,8.285,,tests performed,0.016640606792633312,1
763,AUS,Australia,2020-03-30,66,4093,284,16,2,160.511,11.137,0.627,0.078,,,,,,0.016494737801173012,1
764,AUS,Australia,2020-03-31,67,4557,464,19,3,178.707,18.195999999999998,0.745,0.11800000000000001,,,,,,0.014161071503540856,1
765,AUS,Australia,2020-04-01,68,4707,150,20,1,184.58900000000003,5.882000000000001,0.784,0.039,,,,,,0.02328366637560165,1
766,AUS,Australia,2020-04-02,69,4976,269,21,1,195.138,10.549000000000001,0.8240000000000001,0.039,,,,,,0.02342625940939711,1
767,AUS,Australia,2020-04-03,70,5224,248,23,2,204.864,9.726,0.902,0.078,,,,,,0.009386198031792824,1
768,AUS,Australia,2020-04-04,71,5548,324,30,7,217.57,12.706,1.176,0.275,,,,,,0.0057997754648782505,1
769,AUS,Australia,2020-04-05,72,5687,139,34,4,223.021,5.4510000000000005,1.3330000000000002,0.157,297154.0,,11.652999999999999,,tests performed,0.01374157628049969,1
770,AUS,Australia,2020-04-06,73,5744,57,36,2,225.25599999999997,2.235,1.412,0.078,302663.0,5509.0,11.869000000000002,0.21600000000000003,tests performed,0.020211481943475315,1
771,AUS,Australia,2020-04-07,74,5844,100,42,6,229.178,3.9219999999999997,1.6469999999999998,0.235,310700.0,8037.0,12.184000000000001,0.315,tests performed,0.006061217221749065,1
772,AUS,Australia,2020-04-08,75,5956,112,45,3,233.57,4.3919999999999995,1.765,0.11800000000000001,319368.0,8668.0,12.524000000000001,0.34,tests performed,0.0042735966162738125,1
773,AUS,Australia,2020-04-09,76,6052,96,50,5,237.334,3.765,1.9609999999999999,0.196,330134.0,10766.0,12.946,0.42200000000000004,tests performed,0.0012304808626958995,1
774,AUS,Australia,2020-04-10,77,6152,100,52,2,241.25599999999997,3.9219999999999997,2.039,0.078,338346.0,8212.0,13.269,0.322,tests performed,0.0012304808626958995,1
775,AUS,Australia,2020-04-11,78,6238,86,54,2,244.62900000000002,3.373,2.1180000000000003,0.078,347847.0,9501.0,13.640999999999998,0.373,tests performed,0.001065627685965181,1
776,AUS,Australia,2020-04-12,79,6289,51,57,3,246.62900000000002,2.0,2.235,0.11800000000000001,353941.0,6094.0,13.88,0.239,tests performed,0.003729696900878891,1
777,AUS,Australia,2020-04-13,80,6322,33,61,4,247.923,1.294,2.392,0.157,362136.0,8195.0,14.200999999999999,0.321,tests performed,0.003982646969252117,1
778,AUS,Australia,2020-04-14,81,6366,44,61,0,249.648,1.725,2.392,0.0,366493.0,4357.0,14.372,0.171,tests performed,0.0013408854331130521,1
779,AUS,Australia,2020-04-15,82,6416,50,61,0,251.609,1.9609999999999999,2.392,0.0,371377.0,4884.0,14.564,0.192,tests performed,0.001274076858910919,1
783,AUS,Australia,2020-04-19,86,6586,53,69,2,258.276,2.0780000000000003,2.7060000000000004,0.078,420996.0,14486.0,16.51,0.568,tests performed,0.00134088543311305,1
784,AUS,Australia,2020-04-20,87,6612,26,70,1,259.295,1.02,2.745,0.039,431734.0,10738.0,16.930999999999997,0.42100000000000004,tests performed,0.0020172006531148025,1
785,AUS,Australia,2020-04-21,88,6625,13,71,1,259.805,0.51,2.784,0.039,439842.0,8108.0,17.249000000000002,0.318,tests performed,0.0030152575622486365,1
787,AUS,Australia,2020-04-23,90,6654,7,74,0,260.942,0.275,2.9019999999999997,0.0,466659.0,14218.0,18.3,0.5579999999999999,tests performed,0.0011156841192949477,1
788,AUS,Australia,2020-04-24,91,6667,13,75,1,261.452,0.51,2.9410000000000003,0.039,482370.0,15711.0,18.917,0.616,tests performed,0.0011156841192949477,1
866,AUT,Austria,2020-03-09,13,102,3,0,0,11.325,0.33299999999999996,0.0,0.0,4734.0,225.0,0.526,0.025,tests performed,0.0010002515569060627,1
868,AUT,Austria,2020-03-11,15,182,51,0,0,20.208,5.662999999999999,0.0,0.0,5362.0,336.0,0.595,0.037000000000000005,tests performed,0.0015470840075496406,1
869,AUT,Austria,2020-03-12,16,246,64,0,0,27.314,7.106,0.0,0.0,5869.0,507.0,0.652,0.055999999999999994,tests performed,0.0011391285823806668,1
870,AUT,Austria,2020-03-13,17,361,115,1,1,40.083,12.769,0.111,0.111,6582.0,713.0,0.731,0.079,tests performed,0.0021780951835028177,1
871,AUT,Austria,2020-03-14,18,504,143,1,0,55.96,15.878,0.111,0.0,7467.0,885.0,0.8290000000000001,0.098,tests performed,0.0025789794630674172,1
872,AUT,Austria,2020-03-15,19,655,151,1,0,72.726,16.766,0.111,0.0,8167.0,700.0,0.907,0.078,tests performed,0.001217131060782337,1
873,AUT,Austria,2020-03-16,20,860,205,1,0,95.488,22.761999999999997,0.111,0.0,8490.0,323.0,0.943,0.036000000000000004,tests performed,0.0021714231528241145,1
874,AUT,Austria,2020-03-17,21,1016,156,3,2,112.809,17.320999999999998,0.33299999999999996,0.222,10278.0,1788.0,1.141,0.19899999999999998,tests performed,0.001921219106091871,1
875,AUT,Austria,2020-03-18,22,1332,316,3,0,147.895,35.086,0.33299999999999996,0.0,11977.0,1699.0,1.33,0.18899999999999997,tests performed,0.005278323303561715,1
876,AUT,Austria,2020-03-19,23,1646,314,4,1,182.75900000000001,34.864000000000004,0.444,0.111,13724.0,1747.0,1.524,0.19399999999999998,tests performed,0.005911025648073402,1
877,AUT,Austria,2020-03-20,24,2196,550,6,2,243.827,61.068000000000005,0.6659999999999999,0.222,15613.0,1889.0,1.734,0.21,tests performed,0.008736140520507335,1
878,AUT,Austria,2020-03-21,25,2649,453,6,0,294.124,50.298,0.6659999999999999,0.0,18545.0,2932.0,2.059,0.326,tests performed,0.007637708195806598,1
879,AUT,Austria,2020-03-22,26,3024,375,8,2,335.76099999999997,41.637,0.888,0.222,21368.0,2823.0,2.373,0.313,tests performed,0.005644951144715593,1
880,AUT,Austria,2020-03-23,27,3631,607,16,8,403.158,67.39699999999999,1.777,0.888,23429.0,2061.0,2.6010000000000004,0.22899999999999998,tests performed,0.007601344643389516,1
881,AUT,Austria,2020-03-24,28,4486,855,25,9,498.09,94.932,2.7760000000000002,0.9990000000000001,28391.0,4962.0,3.1519999999999997,0.551,tests performed,0.015455826432939286,2
882,AUT,Austria,2020-03-25,29,5282,796,30,5,586.472,88.382,3.3310000000000004,0.555,32407.0,4016.0,3.5980000000000003,0.446,tests performed,0.008341662764356972,2
883,AUT,Austria,2020-03-26,30,5888,606,34,4,653.757,67.285,3.775,0.444,35995.0,3588.0,3.997,0.39799999999999996,tests performed,0.008377864552389919,1
884,AUT,Austria,2020-03-27,31,7029,1141,52,18,780.445,126.68799999999999,5.774,1.999,39552.0,3557.0,4.3919999999999995,0.395,tests performed,0.01746290617268082,2
885,AUT,Austria,2020-03-28,32,7697,668,68,16,854.6139999999999,74.169,7.55,1.777,42750.0,3198.0,4.747,0.355,tests performed,0.018841746646786187,2
886,AUT,Austria,2020-03-29,33,8291,594,68,0,920.568,65.953,7.55,0.0,46441.0,3691.0,5.156000000000001,0.41,tests performed,0.019107862737215514,1
887,AUT,Austria,2020-03-30,34,8813,522,86,18,978.5260000000001,57.958999999999996,9.549,1.999,49455.0,3014.0,5.4910000000000005,0.335,tests performed,0.004700423866416952,1
888,AUT,Austria,2020-03-31,35,9618,805,108,22,1067.907,89.381,11.991,2.443,52344.0,2889.0,5.812,0.321,tests performed,0.009470049814331392,2
889,AUT,Austria,2020-04-01,36,10182,564,128,20,1130.529,62.622,14.212,2.221,55863.0,3519.0,6.202999999999999,0.391,tests performed,0.009833012231585,1
890,AUT,Austria,2020-04-02,37,10711,529,146,18,1189.265,58.736000000000004,16.211,1.999,92190.0,36327.0,10.236,4.033,tests performed,0.009675329288974039,1
891,AUT,Austria,2020-04-03,38,11129,418,158,12,1235.677,46.411,17.543,1.3319999999999999,98343.0,6153.0,10.919,0.6829999999999999,tests performed,0.00490796101511003,1
892,AUT,Austria,2020-04-04,39,11525,396,168,10,1279.646,43.968999999999994,18.653,1.11,104134.0,5791.0,11.562000000000001,0.643,tests performed,0.004590205754535811,1
893,AUT,Austria,2020-04-05,40,11766,241,186,18,1306.404,26.759,20.651999999999997,1.999,108416.0,4282.0,12.038,0.475,tests performed,0.006211405500289958,1
894,AUT,Austria,2020-04-06,41,11983,217,204,18,1330.4979999999998,24.094,22.651,1.999,111296.0,2880.0,12.357000000000001,0.32,tests performed,0.006255964058097103,1
895,AUT,Austria,2020-04-07,42,12297,314,220,16,1365.362,34.864000000000004,24.427,1.777,115235.0,3939.0,12.795,0.43700000000000006,tests performed,0.0032528892442080263,1
896,AUT,Austria,2020-04-08,43,12640,343,243,23,1403.4460000000001,38.084,26.980999999999998,2.5540000000000003,120755.0,5520.0,13.408,0.613,tests performed,0.0042487523359343304,1
898,AUT,Austria,2020-04-10,45,13248,279,295,22,1470.954,30.978,32.754,2.443,134743.0,8456.0,14.960999999999999,0.9390000000000001,tests performed,0.0021663259083459403,1
899,AUT,Austria,2020-04-11,46,13560,312,319,24,1505.596,34.641999999999996,35.419000000000004,2.665,140975.0,6232.0,15.652999999999999,0.6920000000000001,tests performed,0.0016369252862591143,1
900,AUT,Austria,2020-04-12,47,13807,247,337,18,1533.021,27.425,37.418,1.999,144877.0,3902.0,16.086,0.433,tests performed,0.0020926715617793756,1
901,AUT,Austria,2020-04-13,48,13937,130,350,13,1547.455,14.434000000000001,38.861,1.443,148412.0,3535.0,16.479,0.392,tests performed,0.005938431878164219,1
902,AUT,Austria,2020-04-14,49,14043,106,368,18,1559.225,11.769,40.86,1.999,151796.0,3384.0,16.854,0.376,tests performed,0.004857299391550389,1
903,AUT,Austria,2020-04-15,50,14234,191,384,16,1580.432,21.206999999999997,42.636,1.777,156801.0,5005.0,17.41,0.556,tests performed,0.0028215574054607576,1
904,AUT,Austria,2020-04-16,51,14370,136,393,9,1595.5320000000002,15.1,43.636,0.9990000000000001,162816.0,6015.0,18.078,0.6679999999999999,tests performed,0.002775635214812854,1
905,AUT,Austria,2020-04-17,52,14448,78,410,17,1604.193,8.661,45.523,1.8880000000000001,169272.0,6456.0,18.795,0.7170000000000001,tests performed,0.003638312843882982,1
906,AUT,Austria,2020-04-18,53,14603,155,431,21,1621.4029999999998,17.21,47.855,2.332,175932.0,6660.0,19.534000000000002,0.7390000000000001,tests performed,0.0025827275925737613,1
907,AUT,Austria,2020-04-19,54,14662,59,443,12,1627.953,6.551,49.187,1.3319999999999999,179243.0,3311.0,19.902,0.368,tests performed,0.003273217352969677,1
908,AUT,Austria,2020-04-20,55,14710,48,452,9,1633.283,5.33,50.187,0.9990000000000001,182949.0,3706.0,20.313,0.41100000000000003,tests performed,0.003789748734277871,1
911,AUT,Austria,2020-04-23,58,14924,91,494,31,1657.0439999999999,10.104,54.85,3.4419999999999997,205835.0,4041.0,22.854,0.449,tests performed,0.0013232084340393073,1
912,AUT,Austria,2020-04-24,59,14985,61,508,14,1663.817,6.773,56.403999999999996,1.554,212686.0,6851.0,23.615,0.7609999999999999,tests performed,0.0013663678271325756,1
913,AUT,Austria,2020-04-25,60,15068,83,513,5,1673.033,9.216000000000001,56.958999999999996,0.555,221089.0,8403.0,24.548000000000002,0.9329999999999999,tests performed,0.0010002515569060612,1
919,AUT,Austria,2020-05-01,66,15457,93,584,4,1716.224,10.325999999999999,64.843,0.444,264079.0,7680.0,29.320999999999998,0.853,tests performed,0.001472486849015426,1
920,AUT,Austria,2020-05-02,67,15531,74,589,5,1724.44,8.216000000000001,65.398,0.555,,,,,,0.0013874441533186525,1
2452,CHE,Switzerland,2020-03-07,11,209,122,1,0,24.149,14.097000000000001,0.11599999999999999,0.0,6268.0,731.0,0.7240000000000001,0.084,tests performed,0.0018981073360093401,1
2453,CHE,Switzerland,2020-03-08,12,264,55,1,0,30.504,6.355,0.11599999999999999,0.0,7002.0,734.0,0.809,0.085,tests performed,0.001605934763657592,1
2454,CHE,Switzerland,2020-03-09,13,332,68,2,1,38.361,7.857,0.231,0.11599999999999999,8579.0,1577.0,0.991,0.182,tests performed,0.0011994237595814618,1
2456,CHE,Switzerland,2020-03-11,15,490,116,3,1,56.617,13.402999999999999,0.34700000000000003,0.11599999999999999,13284.0,2601.0,1.535,0.301,tests performed,0.0012673380798326553,1
2457,CHE,Switzerland,2020-03-12,16,642,152,4,1,74.18,17.563,0.462,0.11599999999999999,17891.0,4607.0,2.0669999999999997,0.532,tests performed,0.0018932979346925134,1
2458,CHE,Switzerland,2020-03-13,17,854,212,4,0,98.676,24.496,0.462,0.0,22508.0,4617.0,2.6010000000000004,0.5329999999999999,tests performed,0.0016372095946232056,1
2459,CHE,Switzerland,2020-03-14,18,1121,267,7,3,129.526,30.851,0.809,0.34700000000000003,27475.0,4967.0,3.175,0.574,tests performed,0.0019417363138587776,1
2461,CHE,Switzerland,2020-03-16,20,2200,841,13,2,254.2,97.17399999999999,1.5019999999999998,0.231,35445.0,5187.0,4.096,0.599,tests performed,0.011480652642437352,2
2462,CHE,Switzerland,2020-03-17,21,2200,0,14,1,254.2,0.0,1.618,0.11599999999999999,44382.0,8937.0,5.127999999999999,1.033,tests performed,0.014634396601069051,1
2463,CHE,Switzerland,2020-03-18,22,2650,450,19,5,306.195,51.995,2.195,0.578,54605.0,10223.0,6.309,1.181,tests performed,0.014207169850878684,1
2464,CHE,Switzerland,2020-03-19,23,3010,360,21,2,347.791,41.596000000000004,2.426,0.231,64148.0,9543.0,7.412000000000001,1.103,tests performed,0.008038539531288,1
2465,CHE,Switzerland,2020-03-20,24,3888,878,33,12,449.24,101.449,3.813,1.3869999999999998,72263.0,8115.0,8.35,0.938,tests performed,0.00934337515414413,2
2466,CHE,Switzerland,2020-03-21,25,4840,952,43,10,559.239,109.999,4.968,1.155,78478.0,6215.0,9.068,0.718,tests performed,0.010889154068665512,2
2467,CHE,Switzerland,2020-03-22,26,6077,1237,56,13,702.168,142.929,6.471,1.5019999999999998,82101.0,3623.0,9.486,0.419,tests performed,0.006399060931692144,2
2468,CHE,Switzerland,2020-03-23,27,6971,894,60,4,805.466,103.29700000000001,6.933,0.462,88181.0,6080.0,10.189,0.703,tests performed,0.006197854521267402,2
2469,CHE,Switzerland,2020-03-24,28,8015,1044,66,6,926.095,120.62899999999999,7.626,0.693,93993.0,5812.0,10.86,0.672,tests performed,0.005804761182277138,2
2470,CHE,Switzerland,2020-03-25,29,8789,774,86,20,1015.5269999999999,89.432,9.937000000000001,2.311,101358.0,7365.0,11.710999999999999,0.851,tests performed,0.00456679132349898,2
2471,CHE,Switzerland,2020-03-26,30,9714,925,103,17,1122.407,106.87899999999999,11.901,1.964,109626.0,8268.0,12.667,0.955,tests performed,0.004568080490637028,2
2472,CHE,Switzerland,2020-03-27,31,10714,1000,161,58,1237.952,115.545,18.602999999999998,6.702000000000001,116726.0,7100.0,13.487,0.82,tests performed,0.0038859662490913155,2
2473,CHE,Switzerland,2020-03-28,32,12104,1390,197,36,1398.56,160.608,22.761999999999997,4.16,122511.0,5785.0,14.155999999999999,0.6679999999999999,tests performed,0.00842784939087159,2
2474,CHE,Switzerland,2020-03-29,33,13152,1048,235,38,1519.651,121.09100000000001,27.153000000000002,4.391,125915.0,3404.0,14.549000000000001,0.39299999999999996,tests performed,0.007179419233021292,2
2475,CHE,Switzerland,2020-03-30,34,14274,1122,257,22,1649.293,129.642,29.695,2.542,130102.0,4187.0,15.033,0.484,tests performed,0.006074438796203564,2
2476,CHE,Switzerland,2020-03-31,35,15412,1138,295,38,1780.783,131.49,34.086,4.391,136865.0,6763.0,15.814,0.7809999999999999,tests performed,0.0016208860603632532,2
2477,CHE,Switzerland,2020-04-01,36,16108,696,373,78,1861.203,80.419,43.098,9.013,143625.0,6760.0,16.595,0.7809999999999999,tests performed,0.008463226423445415,2
2478,CHE,Switzerland,2020-04-02,37,17070,962,378,5,1972.3570000000002,111.155,43.676,0.578,150765.0,7140.0,17.42,0.825,tests performed,0.007512048782448677,2
2479,CHE,Switzerland,2020-04-03,38,18194,1124,432,54,2102.23,129.873,49.916000000000004,6.239,157309.0,6544.0,18.176,0.7559999999999999,tests performed,0.007295106941827572,2
2480,CHE,Switzerland,2020-04-04,39,19227,1033,484,52,2221.589,119.35799999999999,55.924,6.007999999999999,162684.0,5375.0,18.797,0.621,tests performed,0.0027413915547466615,2
2481,CHE,Switzerland,2020-04-05,40,20201,974,540,56,2334.13,112.541,62.394,6.471,166375.0,3691.0,19.224,0.426,tests performed,0.002551034620791392,2
2482,CHE,Switzerland,2020-04-06,41,21022,821,559,19,2428.992,94.863,64.59,2.195,170337.0,3962.0,19.682000000000002,0.45799999999999996,tests performed,0.0036938139947270297,2
2483,CHE,Switzerland,2020-04-07,42,21574,552,584,25,2492.7729999999997,63.781000000000006,67.47800000000001,2.889,176852.0,6515.0,20.434,0.753,tests performed,0.00721222956061044,1
2484,CHE,Switzerland,2020-04-08,43,22164,590,641,57,2560.945,68.172,74.065,6.586,183586.0,6734.0,21.212,0.778,tests performed,0.0049146829070237106,1
2486,CHE,Switzerland,2020-04-10,45,23495,785,756,51,2714.736,90.70299999999999,87.352,5.893,193925.0,4216.0,22.406999999999996,0.48700000000000004,tests performed,0.004294171196697467,2
2487,CHE,Switzerland,2020-04-11,46,24228,733,805,49,2799.43,84.695,93.014,5.662000000000001,196800.0,2875.0,22.739,0.332,tests performed,0.004243267606859849,2
2488,CHE,Switzerland,2020-04-12,47,24820,592,831,26,2867.833,68.403,96.01799999999999,3.0039999999999996,199228.0,2428.0,23.02,0.281,tests performed,0.003371196099301977,1
2489,CHE,Switzerland,2020-04-13,48,25220,400,858,27,2914.051,46.218,99.13799999999999,3.12,201443.0,2215.0,23.276,0.256,tests performed,0.0056427531416604676,1
2490,CHE,Switzerland,2020-04-14,49,25499,279,858,0,2946.288,32.236999999999995,99.13799999999999,0.0,205596.0,4153.0,23.756,0.48,tests performed,0.005328350996041015,1
2491,CHE,Switzerland,2020-04-15,50,25753,254,900,42,2975.637,29.348000000000003,103.991,4.853,211106.0,5510.0,24.392,0.637,tests performed,0.002635989766564031,1
2492,CHE,Switzerland,2020-04-16,51,26336,583,973,73,3043.0,67.363,112.426,8.435,216231.0,5125.0,24.984,0.5920000000000001,tests performed,0.006183188217902529,1
2493,CHE,Switzerland,2020-04-17,52,26651,315,1016,43,3079.3959999999997,36.397,117.39399999999999,4.968,220882.0,4651.0,25.522,0.537,tests performed,0.005908349943203527,1
2494,CHE,Switzerland,2020-04-18,53,26997,346,1058,42,3119.375,39.979,122.24700000000001,4.853,224703.0,3821.0,25.963,0.441,tests performed,0.004949113413638573,1
2497,CHE,Switzerland,2020-04-21,56,27826,168,1141,7,3215.1620000000003,19.412,131.83700000000002,0.809,235182.0,4908.0,27.174,0.5670000000000001,tests performed,0.0031726586466186845,1
2498,CHE,Switzerland,2020-04-22,57,27981,155,1186,45,3233.072,17.91,137.037,5.2,239882.0,4700.0,27.717,0.5429999999999999,tests performed,0.00340817927867581,1
2500,CHE,Switzerland,2020-04-24,59,28414,228,1267,51,3283.103,26.344,146.39600000000002,5.893,249276.0,4847.0,28.803,0.56,tests performed,0.0012599728314443078,1
2504,CHE,Switzerland,2020-04-28,63,29081,103,1352,16,3360.171,11.901,156.217,1.849,264781.0,5305.0,30.594,0.613,tests performed,0.0019129594985493545,1
2505,CHE,Switzerland,2020-04-29,64,29181,100,1379,27,3371.7259999999997,11.555,159.33700000000002,3.12,264781.0,,30.594,0.0,tests performed,0.0012776375634358996,1
2507,CHE,Switzerland,2020-05-01,66,29503,179,1422,15,3408.9320000000002,20.683000000000003,164.305,1.733,,,,,,0.0013352121392835362,1
2508,CHE,Switzerland,2020-05-02,67,29622,119,1434,12,3422.6809999999996,13.75,165.692,1.3869999999999998,,,,,,0.0010194901674796934,1
2587,CHN,China,2020-01-19,20,216,136,3,1,0.15,0.094,0.002,0.001,,,,,,0.001057113327244517,1
2589,CHN,China,2020-01-21,22,386,151,6,3,0.268,0.105,0.004,0.002,,,,,,0.001050166030117391,1
2590,CHN,China,2020-01-22,23,526,140,17,11,0.365,0.09699999999999999,0.012,0.008,,,,,,0.0010642798294526624,1
2592,CHN,China,2020-01-24,25,882,259,26,9,0.613,0.18,0.018000000000000002,0.006,,,,,,0.0012194282217504809,1
2593,CHN,China,2020-01-25,26,1323,441,41,15,0.919,0.306,0.027999999999999997,0.01,,,,,,0.0025007537554888443,1
2594,CHN,China,2020-01-26,27,1988,665,56,15,1.381,0.462,0.039,0.01,,,,,,0.002955066213035475,2
2595,CHN,China,2020-01-27,28,2775,787,81,25,1.9280000000000002,0.547,0.055999999999999994,0.017,,,,,,0.0025500289360366546,2
2596,CHN,China,2020-01-28,29,4528,1753,106,25,3.1460000000000004,1.218,0.07400000000000001,0.017,,,,,,0.00866151630034081,2
2597,CHN,China,2020-01-29,30,5994,1466,132,26,4.164,1.0190000000000001,0.092,0.018000000000000002,,,,,,0.0072085640205905134,2
2598,CHN,China,2020-01-30,31,7734,1740,170,38,5.372999999999999,1.209,0.11800000000000001,0.026000000000000002,,,,,,0.0023551562400364393,2
2599,CHN,China,2020-01-31,32,9714,1980,213,43,6.749,1.376,0.14800000000000002,0.03,,,,,,0.0037372104776074878,2
2600,CHN,China,2020-02-01,33,11809,2095,259,46,8.205,1.456,0.18,0.032,,,,,,0.0026320251659387862,2
2601,CHN,China,2020-02-02,34,14399,2590,304,45,10.004,1.7990000000000002,0.21100000000000002,0.031,,,,,,0.004709916485656572,3
2602,CHN,China,2020-02-03,35,17211,2812,361,57,11.958,1.954,0.251,0.04,,,,,,0.005333778090167692,3
2603,CHN,China,2020-02-04,36,20448,3237,426,65,14.207,2.249,0.29600000000000004,0.045,,,,,,0.0047773091378296075,3
2604,CHN,China,2020-02-05,37,24320,3872,492,66,16.897000000000002,2.69,0.342,0.046,,,,,,0.0077516887315156584,3
2605,CHN,China,2020-02-06,38,28047,3727,564,72,19.486,2.589,0.392,0.05,,,,,,0.004835270752412101,3
2606,CHN,China,2020-02-07,39,31207,3160,637,73,21.682,2.195,0.44299999999999995,0.051,,,,,,0.005467556546280131,3
2607,CHN,China,2020-02-08,40,34625,3418,723,86,24.055999999999997,2.375,0.502,0.06,,,,,,0.004125112873765723,3
2608,CHN,China,2020-02-09,41,37232,2607,812,89,25.868000000000002,1.811,0.564,0.062,,,,,,0.006020890884602203,3
2609,CHN,China,2020-02-10,42,40206,2974,909,97,27.934,2.066,0.632,0.067,,,,,,0.005901199836134313,3
2610,CHN,China,2020-02-11,43,42696,2490,1017,108,29.664,1.73,0.7070000000000001,0.075,,,,,,0.003669560960454311,3
2611,CHN,China,2020-02-12,44,44724,2028,1114,97,31.073,1.409,0.774,0.067,,,,,,0.006873821292939714,2
2613,CHN,China,2020-02-14,46,64021,4156,1381,13,44.48,2.887,0.9590000000000001,0.009000000000000001,,,,,,0.016265060967270744,3
2614,CHN,China,2020-02-15,47,66559,2538,1524,143,46.243,1.7630000000000001,1.0590000000000002,0.099,,,,,,0.016144557427230293,3
2615,CHN,China,2020-02-16,48,68566,2007,1666,142,47.638000000000005,1.3940000000000001,1.157,0.099,,,,,,0.016265820394103698,2
2616,CHN,China,2020-02-17,49,70618,2052,1771,105,49.063,1.426,1.23,0.073,,,,,,0.004278583262744629,2
2617,CHN,China,2020-02-18,50,72508,1890,1869,98,50.376000000000005,1.3130000000000002,1.2990000000000002,0.068,,,,,,0.0012151495130431184,2
2618,CHN,China,2020-02-19,51,74258,1750,2008,139,51.592,1.216,1.395,0.09699999999999999,,,,,,0.0021961332075063106,2
2619,CHN,China,2020-02-20,52,74652,394,2120,112,51.86600000000001,0.27399999999999997,1.473,0.078,,,,,,0.012006625429038093,1
2620,CHN,China,2020-02-21,53,75543,891,2238,118,52.485,0.619,1.555,0.08199999999999999,,,,,,0.0099684105006136,2
2621,CHN,China,2020-02-22,54,76369,826,2347,109,53.059,0.574,1.631,0.076,,,,,,0.003925445683399424,2
2622,CHN,China,2020-02-23,55,77016,647,2445,98,53.508,0.45,1.699,0.068,,,,,,0.0018361561673347429,2
2623,CHN,China,2020-02-24,56,77234,218,2595,150,53.66,0.151,1.8030000000000002,0.10400000000000001,,,,,,0.004540221005553291,1
2624,CHN,China,2020-02-25,57,77749,515,2665,70,54.018,0.358,1.8519999999999999,0.049,,,,,,0.0031928394883580344,1
2625,CHN,China,2020-02-26,58,78159,410,2717,52,54.303000000000004,0.285,1.8880000000000001,0.036000000000000004,,,,,,0.0021885083072044876,1
2629,CHN,China,2020-03-01,62,79929,574,2872,35,55.532,0.39899999999999997,1.995,0.024,,,,,,0.0017909423452335395,1
2630,CHN,China,2020-03-02,63,80134,205,2914,42,55.675,0.142,2.025,0.028999999999999998,,,,,,0.0027003713483985253,1
2631,CHN,China,2020-03-03,64,80261,127,2946,32,55.763000000000005,0.08800000000000001,2.0469999999999997,0.022000000000000002,,,,,,0.0034695221513003083,1
2676,CHN,China,2020-04-17,109,83754,352,4636,1290,58.19,0.245,3.221,0.8959999999999999,,,,,,0.0025378414390402806,1
2677,CHN,China,2020-04-18,110,83785,31,4636,0,58.211000000000006,0.022000000000000002,3.221,0.0,,,,,,0.0026169802249186793,1
2678,CHN,China,2020-04-19,111,83803,18,4636,0,58.224,0.013000000000000001,3.221,0.0,,,,,,0.0027491921308328876,1
6368,IND,India,2020-03-23,54,439,119,7,3,0.318,0.086,0.005,0.002,20707.0,3708.0,0.015,0.003,samples tested,0.00106811076721039,1
6373,IND,India,2020-03-28,59,873,149,19,2,0.633,0.10800000000000001,0.013999999999999999,0.001,,,,,,0.0010637362337409092,1
6376,IND,India,2020-03-31,62,1251,180,32,3,0.907,0.13,0.023,0.002,,,,,,0.0012665085084140656,1
6377,IND,India,2020-04-01,63,1397,146,35,3,1.012,0.106,0.025,0.002,,,,,,0.0011885893322364559,1
6378,IND,India,2020-04-02,64,1965,568,50,15,1.4240000000000002,0.41200000000000003,0.036000000000000004,0.011000000000000001,47951.0,,0.035,,samples tested,0.006279302099038757,1
6379,IND,India,2020-04-03,65,2301,336,56,6,1.6669999999999998,0.243,0.040999999999999995,0.004,69245.0,21294.0,0.05,0.015,samples tested,0.005660704257729293,1
6380,IND,India,2020-04-04,66,2902,601,68,12,2.103,0.436,0.049,0.009000000000000001,79950.0,10705.0,0.057999999999999996,0.008,samples tested,0.003868042094936998,1
6381,IND,India,2020-04-05,67,3374,472,77,9,2.445,0.342,0.055999999999999994,0.006999999999999999,89534.0,9584.0,0.065,0.006999999999999999,samples tested,0.0035492663356858946,1
6382,IND,India,2020-04-06,68,4067,693,109,32,2.947,0.502,0.079,0.023,101068.0,11534.0,0.073,0.008,samples tested,0.0029734040604137793,2
6383,IND,India,2020-04-07,69,4421,354,114,5,3.2039999999999997,0.257,0.083,0.004,114015.0,12947.0,0.083,0.009000000000000001,samples tested,0.004609174943840079,1
6384,IND,India,2020-04-08,70,5194,773,149,35,3.764,0.56,0.10800000000000001,0.025,127919.0,13904.0,0.09300000000000001,0.01,samples tested,0.0059578356726876554,2
6385,IND,India,2020-04-09,71,5734,540,166,17,4.155,0.391,0.12,0.012,144910.0,16991.0,0.105,0.012,samples tested,0.005622961216907864,1
6386,IND,India,2020-04-10,72,6412,678,199,33,4.646,0.491,0.14400000000000002,0.024,161330.0,16420.0,0.11699999999999999,0.012,samples tested,0.003137975024866083,2
6387,IND,India,2020-04-11,73,7447,1035,239,40,5.396,0.75,0.17300000000000001,0.028999999999999998,179374.0,18044.0,0.13,0.013000000000000001,samples tested,0.006841832751864051,2
6388,IND,India,2020-04-12,74,8356,909,273,34,6.055,0.659,0.198,0.025,195748.0,16374.0,0.142,0.012,samples tested,0.004849347551673615,2
6389,IND,India,2020-04-13,75,9152,796,308,35,6.632000000000001,0.5770000000000001,0.223,0.025,217554.0,21806.0,0.158,0.016,samples tested,0.003202242113768797,2
6390,IND,India,2020-04-14,76,10363,1211,339,31,7.5089999999999995,0.878,0.24600000000000002,0.022000000000000002,244893.0,27339.0,0.177,0.02,samples tested,0.0057465455257492935,2
6391,IND,India,2020-04-15,77,11438,1075,377,38,8.288,0.779,0.273,0.027999999999999997,274599.0,29706.0,0.19899999999999998,0.022000000000000002,samples tested,0.00566655186527776,2
6392,IND,India,2020-04-16,78,12380,942,414,37,8.971,0.6829999999999999,0.3,0.027000000000000003,302956.0,28357.0,0.22,0.021,samples tested,0.003602495930876169,2
6393,IND,India,2020-04-17,79,13387,1007,437,23,9.701,0.73,0.317,0.017,335123.0,32167.0,0.243,0.023,samples tested,0.0017812738070139336,2
6395,IND,India,2020-04-19,81,15712,1334,507,27,11.385,0.9670000000000001,0.36700000000000005,0.02,401586.0,29463.0,0.29100000000000004,0.021,samples tested,0.00518474713690678,2
6396,IND,India,2020-04-20,82,17265,1553,543,36,12.511,1.125,0.39299999999999996,0.026000000000000002,,,,,,0.00758706817570178,2
6397,IND,India,2020-04-21,83,18600,1335,590,47,13.478,0.9670000000000001,0.428,0.034,462621.0,,0.335,,samples tested,0.0033788307448519134,2
6398,IND,India,2020-04-22,84,19984,1384,640,50,14.481,1.003,0.46399999999999997,0.036000000000000004,,,,,,0.0030633222471412543,2
6399,IND,India,2020-04-23,85,21393,1409,681,41,15.502,1.021,0.493,0.03,500542.0,,0.363,,samples tested,0.001008224246021032,2
6400,IND,India,2020-04-24,86,23077,1684,718,37,16.722,1.22,0.52,0.027000000000000003,541789.0,41247.0,0.39299999999999996,0.03,samples tested,0.004458383409095397,2
6401,IND,India,2020-04-25,87,24506,1429,775,57,17.758,1.036,0.562,0.040999999999999995,579957.0,38168.0,0.42,0.027999999999999997,samples tested,0.004106606896688451,2
6402,IND,India,2020-04-26,88,26496,1990,824,49,19.2,1.442,0.597,0.036000000000000004,625309.0,45352.0,0.45299999999999996,0.033,samples tested,0.007523197394246618,2
6403,IND,India,2020-04-27,89,27892,1396,872,48,20.212,1.012,0.632,0.035,665819.0,40510.0,0.48200000000000004,0.028999999999999998,samples tested,0.008941177413779136,2
6404,IND,India,2020-04-28,90,29435,1543,934,62,21.33,1.1179999999999999,0.677,0.045,716733.0,50914.0,0.519,0.037000000000000005,samples tested,0.00828607006795887,2
6405,IND,India,2020-04-29,91,31332,1897,1007,73,22.704,1.375,0.73,0.053,770764.0,54031.0,0.5589999999999999,0.039,samples tested,0.006897595864154506,2
6406,IND,India,2020-04-30,92,33050,1718,1074,67,23.949,1.245,0.778,0.049,830201.0,59437.0,0.602,0.043,samples tested,0.00474083368433335,2
6407,IND,India,2020-05-01,93,35043,1993,1147,73,25.393,1.444,0.831,0.053,902654.0,72453.0,0.654,0.053,samples tested,0.003738267749923969,2
6408,IND,India,2020-05-02,94,37336,2293,1218,71,27.055,1.662,0.883,0.051,,,,,,0.0077027685195421,2
6841,ISL,Iceland,2020-03-04,5,16,10,0,0,46.886,29.304000000000002,0.0,0.0,264.0,81.0,0.774,0.237,samples,0.002424304195517616,1
6842,ISL,Iceland,2020-03-05,6,26,10,0,0,76.19,29.304000000000002,0.0,0.0,326.0,62.0,0.955,0.182,samples,0.002247748545232136,1
6846,ISL,Iceland,2020-03-09,10,55,2,0,0,161.172,5.861000000000001,0.0,0.0,576.0,98.0,1.6880000000000002,0.287,samples,0.002315535038338301,1
6847,ISL,Iceland,2020-03-10,11,65,10,0,0,190.476,29.304000000000002,0.0,0.0,745.0,169.0,2.1830000000000003,0.495,samples,0.0025688554802652977,1
6848,ISL,Iceland,2020-03-11,12,70,5,0,0,205.128,14.652000000000001,0.0,0.0,894.0,149.0,2.62,0.43700000000000006,samples,0.002247748545232136,1
6849,ISL,Iceland,2020-03-12,13,85,15,0,0,249.084,43.956,0.0,0.0,1147.0,253.0,3.361,0.741,samples,0.002780867630700778,1
6850,ISL,Iceland,2020-03-13,14,117,32,0,0,342.85699999999997,93.773,0.0,0.0,1504.0,357.0,4.407,1.046,samples,0.007591989332385342,1
6851,ISL,Iceland,2020-03-14,15,117,0,0,0,342.85699999999997,0.0,0.0,0.0,1827.0,323.0,5.354,0.9470000000000001,samples,0.008904568007803357,1
6852,ISL,Iceland,2020-03-15,16,138,21,0,0,404.39599999999996,61.538000000000004,0.0,0.0,2902.0,1075.0,8.504,3.15,samples,0.009042453391366109,1
6853,ISL,Iceland,2020-03-16,17,178,40,0,0,521.612,117.21600000000001,0.0,0.0,4609.0,1707.0,13.505999999999998,5.002,samples,0.011128104337010693,1
6854,ISL,Iceland,2020-03-17,18,199,21,0,0,583.15,61.538000000000004,0.0,0.0,6009.0,1400.0,17.609,4.103,samples,0.006101031765630081,1
6855,ISL,Iceland,2020-03-18,19,247,48,0,0,723.81,140.659,0.0,0.0,7837.0,1828.0,22.965999999999998,5.357,samples,0.00771325326759908,1
6856,ISL,Iceland,2020-03-19,20,250,3,0,0,732.6010000000001,8.791,0.0,0.0,9148.0,1311.0,26.807,3.842,samples,0.012597054118916713,1
6857,ISL,Iceland,2020-03-20,21,330,80,1,1,967.033,234.43200000000002,2.93,2.93,9727.0,579.0,28.504,1.6969999999999998,samples,0.021514164647221872,1
6858,ISL,Iceland,2020-03-21,22,409,79,1,0,1198.535,231.502,2.93,0.0,10077.0,350.0,29.53,1.026,samples,0.024566254533212206,1
6859,ISL,Iceland,2020-03-22,23,473,64,1,0,1386.0810000000001,187.546,2.93,0.0,10260.0,183.0,30.066,0.536,samples,0.004984920155635406,1
6860,ISL,Iceland,2020-03-23,24,568,95,1,0,1664.469,278.388,2.93,0.0,10719.0,459.0,31.410999999999998,1.345,samples,0.008622184615671828,1
6861,ISL,Iceland,2020-03-24,25,588,20,2,1,1723.0770000000002,58.608000000000004,5.861000000000001,2.93,11686.0,967.0,34.245,2.8339999999999996,samples,0.020960684080872784,1
6862,ISL,Iceland,2020-03-25,26,648,60,2,0,1898.901,175.824,5.861000000000001,0.0,12574.0,888.0,36.847,2.602,samples,0.020871950777155538,1
6863,ISL,Iceland,2020-03-26,27,737,89,2,0,2159.7070000000003,260.806,5.861000000000001,0.0,13572.0,998.0,39.771,2.925,samples,0.019269091807315036,1
6864,ISL,Iceland,2020-03-27,28,802,65,2,0,2350.183,190.476,5.861000000000001,0.0,14594.0,1022.0,42.766000000000005,2.995,samples,0.008622184615671822,1
6865,ISL,Iceland,2020-03-28,29,890,88,2,0,2608.0589999999997,257.875,5.861000000000001,0.0,15443.0,849.0,45.254,2.488,samples,0.00755113528157813,1
6866,ISL,Iceland,2020-03-29,30,963,73,2,0,2821.978,213.919,5.861000000000001,0.0,16443.0,1000.0,48.185,2.93,samples,0.006493985868793814,1
6867,ISL,Iceland,2020-03-30,31,1020,57,2,0,2989.011,167.033,5.861000000000001,0.0,17863.0,1420.0,52.346000000000004,4.1610000000000005,samples,0.008622184615671826,1
6868,ISL,Iceland,2020-03-31,32,1086,66,2,0,3182.4179999999997,193.407,5.861000000000001,0.0,19475.0,1612.0,57.07,4.724,samples,0.00446096010957206,1
6869,ISL,Iceland,2020-04-01,33,1135,49,2,0,3326.007,143.59,5.861000000000001,0.0,20889.0,1414.0,61.213,4.144,samples,0.004730200527316639,1
6870,ISL,Iceland,2020-04-02,34,1220,85,2,0,3575.092,249.084,5.861000000000001,0.0,22154.0,1265.0,64.92,3.707,samples,0.010016271901549923,1
6871,ISL,Iceland,2020-04-03,35,1319,99,4,2,3865.2009999999996,290.11,11.722000000000001,5.861000000000001,23599.0,1445.0,69.155,4.234,samples,0.014345971169561057,1
6872,ISL,Iceland,2020-04-04,36,1364,45,4,0,3997.07,131.868,11.722000000000001,0.0,25353.0,1754.0,74.295,5.14,samples,0.015586095333321235,1
6873,ISL,Iceland,2020-04-05,37,1417,53,4,0,4152.380999999999,155.311,11.722000000000001,0.0,27839.0,2486.0,81.579,7.285,samples,0.016208745268368092,1
6874,ISL,Iceland,2020-04-06,38,1486,69,4,0,4354.579000000001,202.19799999999998,11.722000000000001,0.0,28951.0,1112.0,84.838,3.259,samples,0.006796552754847324,1
6875,ISL,Iceland,2020-04-07,39,1562,76,6,2,4577.289000000001,222.71099999999998,17.582,5.861000000000001,30906.0,1955.0,90.56700000000001,5.729,samples,0.0065571891671588,1
6876,ISL,Iceland,2020-04-08,40,1586,24,6,0,4647.619000000001,70.33,17.582,0.0,32582.0,1676.0,95.478,4.9110000000000005,samples,0.015694871348384754,1
6877,ISL,Iceland,2020-04-09,41,1616,30,6,0,4735.531,87.912,17.582,0.0,34084.0,1502.0,99.88,4.401,samples,0.01582246072921901,1
6878,ISL,Iceland,2020-04-10,42,1648,32,6,0,4829.304,93.773,17.582,0.0,34594.0,510.0,101.374,1.495,samples,0.0023155350383380923,1
6879,ISL,Iceland,2020-04-11,43,1675,27,7,1,4908.425,79.12100000000001,20.513,2.93,35212.0,618.0,103.185,1.811,samples,0.0013996726798792933,1
6880,ISL,Iceland,2020-04-12,44,1689,14,8,1,4949.451,41.026,23.443,2.93,35447.0,235.0,103.874,0.6890000000000001,samples,0.005167727054047493,1
6881,ISL,Iceland,2020-04-13,45,1701,12,8,0,4984.615,35.165,23.443,0.0,36298.0,851.0,106.368,2.494,samples,0.004529770753752426,1
6882,ISL,Iceland,2020-04-14,46,1711,10,8,0,5013.919,29.304000000000002,23.443,0.0,37345.0,1047.0,109.436,3.068,samples,0.001112347052279799,1
6885,ISL,Iceland,2020-04-17,49,1739,12,8,0,5095.971,35.165,23.443,0.0,41050.0,1555.0,120.29299999999999,4.5569999999999995,samples,0.0013996726798792196,1
6886,ISL,Iceland,2020-04-18,50,1754,15,8,0,5139.927,43.956,23.443,0.0,42721.0,1671.0,125.19,4.897,samples,0.0022477485452318813,1
6887,ISL,Iceland,2020-04-19,51,1760,6,9,1,5157.509,17.582,26.374000000000002,2.93,43102.0,381.0,126.306,1.1159999999999999,samples,0.002548707283067539,1
6888,ISL,Iceland,2020-04-20,52,1771,11,9,0,5189.744000000001,32.234,26.374000000000002,0.0,43790.0,688.0,128.322,2.016,samples,0.0025079253352739053,1
6889,ISL,Iceland,2020-04-21,53,1773,2,10,1,5195.604,5.861000000000001,29.304000000000002,2.93,44427.0,637.0,130.189,1.867,samples,0.0025079253352738987,1
6890,ISL,Iceland,2020-04-22,54,1778,5,10,0,5210.255999999999,14.652000000000001,29.304000000000002,0.0,45052.0,625.0,132.02100000000002,1.8319999999999999,samples,0.0025487072830675315,1
6891,ISL,Iceland,2020-04-23,55,1785,7,10,0,5230.769,20.513,29.304000000000002,0.0,45245.0,193.0,132.586,0.5660000000000001,samples,0.001399672679879207,1
6893,ISL,Iceland,2020-04-25,57,1789,0,10,0,5242.491,0.0,29.304000000000002,0.0,46311.0,381.0,135.71,1.1159999999999999,samples,0.0019532172326383154,1
6894,ISL,Iceland,2020-04-26,58,1790,1,10,0,5245.420999999999,2.93,29.304000000000002,0.0,46336.0,25.0,135.783,0.073,samples,0.0011577675191686229,1
7770,KOR,South Korea,2020-02-20,32,80,34,0,0,1.56,0.6629999999999999,0.0,0.0,12161.0,1750.0,0.237,0.034,cases tested,0.0015364574210024544,1
7771,KOR,South Korea,2020-02-21,33,155,75,1,1,3.023,1.463,0.02,0.02,14816.0,2655.0,0.289,0.052000000000000005,cases tested,0.00284460621697141,1
7772,KOR,South Korea,2020-02-22,34,345,190,2,1,6.729,3.7060000000000004,0.039,0.02,19621.0,4805.0,0.38299999999999995,0.094,cases tested,0.007502071184080859,1
7773,KOR,South Korea,2020-02-23,35,601,256,5,3,11.722000000000001,4.993,0.098,0.059000000000000004,22633.0,3012.0,0.441,0.059000000000000004,cases tested,0.008497102293894205,1
7774,KOR,South Korea,2020-02-24,36,762,161,7,2,14.863,3.14,0.13699999999999998,0.039,28615.0,5982.0,0.5579999999999999,0.11699999999999999,cases tested,0.0045163329491318925,1
7775,KOR,South Korea,2020-02-25,37,892,130,8,1,17.398,2.536,0.156,0.02,36716.0,8101.0,0.716,0.158,cases tested,0.006090271696862802,1
7776,KOR,South Korea,2020-02-26,38,1146,254,11,3,22.353,4.954,0.215,0.059000000000000004,46127.0,9411.0,0.9,0.184,cases tested,0.005986238031859937,1
7777,KOR,South Korea,2020-02-27,39,1595,449,12,1,31.11,8.758,0.23399999999999999,0.02,57990.0,11863.0,1.131,0.231,cases tested,0.014917577350219813,1
7778,KOR,South Korea,2020-02-28,40,2022,427,13,1,39.439,8.329,0.254,0.02,70940.0,12950.0,1.3840000000000001,0.253,cases tested,0.009907276155186807,1
7779,KOR,South Korea,2020-02-29,41,2931,909,16,3,57.169,17.73,0.312,0.059000000000000004,85693.0,14753.0,1.671,0.28800000000000003,cases tested,0.025246230794112992,2
7780,KOR,South Korea,2020-03-01,42,3526,595,17,1,68.774,11.605,0.332,0.02,96985.0,11292.0,1.892,0.22,cases tested,0.022695508705560318,1
7781,KOR,South Korea,2020-03-02,43,4212,686,22,5,82.155,13.38,0.429,0.098,109591.0,12606.0,2.138,0.24600000000000002,cases tested,0.014986831085964153,2
7782,KOR,South Korea,2020-03-03,44,4812,600,28,6,93.85799999999999,11.703,0.546,0.11699999999999999,125851.0,16260.0,2.455,0.317,cases tested,0.004745512268062499,1
7783,KOR,South Korea,2020-03-04,45,5328,516,32,4,103.92200000000001,10.065,0.624,0.078,136707.0,10856.0,2.6660000000000004,0.212,cases tested,0.007885154059526707,1
7784,KOR,South Korea,2020-03-05,46,5766,438,35,3,112.465,8.543,0.6829999999999999,0.059000000000000004,146541.0,9834.0,2.858,0.192,cases tested,0.007515632319305728,1
7785,KOR,South Korea,2020-03-06,47,6284,518,42,7,122.569,10.104,0.8190000000000001,0.13699999999999998,164740.0,18199.0,3.213,0.355,cases tested,0.004232062365102087,1
7786,KOR,South Korea,2020-03-07,48,6767,483,44,2,131.99,9.421,0.858,0.039,178189.0,13449.0,3.4760000000000004,0.262,cases tested,0.003720225545923182,1
7787,KOR,South Korea,2020-03-08,49,7134,367,50,6,139.148,7.1579999999999995,0.975,0.11699999999999999,188518.0,10329.0,3.677,0.201,cases tested,0.007331907751471362,1
7788,KOR,South Korea,2020-03-09,50,7382,248,51,1,143.985,4.837,0.995,0.02,196618.0,8100.0,3.835,0.158,cases tested,0.010900110523749486,1
7789,KOR,South Korea,2020-03-10,51,7513,131,54,3,146.54,2.555,1.053,0.059000000000000004,210144.0,13526.0,4.099,0.264,cases tested,0.010946327682831637,1
7790,KOR,South Korea,2020-03-11,52,7755,242,60,6,151.26,4.72,1.17,0.11699999999999999,222395.0,12251.0,4.338,0.239,cases tested,0.006111898482385521,1
7791,KOR,South Korea,2020-03-12,53,7869,114,66,6,153.484,2.224,1.287,0.11699999999999999,234998.0,12603.0,4.584,0.24600000000000002,cases tested,0.006448514507775691,1
7792,KOR,South Korea,2020-03-13,54,7979,110,67,1,155.63,2.146,1.307,0.02,248647.0,13649.0,4.85,0.266,cases tested,0.006964951502931842,1
7794,KOR,South Korea,2020-03-15,56,8162,76,75,3,159.19899999999998,1.482,1.463,0.059000000000000004,268212.0,6877.0,5.231,0.134,cases tested,0.0017461729008650452,1
7795,KOR,South Korea,2020-03-16,57,8236,74,75,0,160.642,1.443,1.463,0.0,274504.0,6292.0,5.354,0.12300000000000001,cases tested,0.0017163499179191442,1
7798,KOR,South Korea,2020-03-19,60,8565,152,91,5,167.05900000000003,2.965,1.775,0.098,307024.0,11377.0,5.9879999999999995,0.222,cases tested,0.0034264270039493947,1
7799,KOR,South Korea,2020-03-20,61,8652,87,100,9,168.75599999999997,1.6969999999999998,1.95,0.17600000000000002,316664.0,9640.0,6.176,0.188,cases tested,0.003332208726913456,1
7800,KOR,South Korea,2020-03-21,62,8799,147,103,3,171.62400000000002,2.867,2.009,0.059000000000000004,327509.0,10845.0,6.388,0.212,cases tested,0.0033553701939100233,1
7801,KOR,South Korea,2020-03-22,63,8897,98,104,1,173.535,1.911,2.029,0.02,331780.0,4271.0,6.471,0.083,cases tested,0.0029631407193709725,1
7802,KOR,South Korea,2020-03-23,64,8961,64,113,9,174.783,1.248,2.204,0.17600000000000002,338036.0,6256.0,6.593,0.122,cases tested,0.003870620787574133,1
7803,KOR,South Korea,2020-03-24,65,9037,76,120,7,176.266,1.482,2.3409999999999997,0.13699999999999998,348582.0,10546.0,6.7989999999999995,0.20600000000000002,cases tested,0.0015995692215678174,1
7804,KOR,South Korea,2020-03-25,66,9137,100,126,6,178.21599999999998,1.95,2.458,0.11699999999999999,357896.0,9314.0,6.981,0.182,cases tested,0.0017003991446958402,1
7805,KOR,South Korea,2020-03-26,67,9241,104,131,5,180.245,2.029,2.555,0.098,364942.0,7046.0,7.117999999999999,0.13699999999999998,cases tested,0.0014048010750276466,1
7807,KOR,South Korea,2020-03-28,69,9478,146,144,5,184.86700000000002,2.8480000000000003,2.8089999999999997,0.098,387925.0,10964.0,7.566,0.214,cases tested,0.0026666061425292893,1
7808,KOR,South Korea,2020-03-29,70,9583,105,152,8,186.915,2.048,2.965,0.156,394141.0,6216.0,7.688,0.121,cases tested,0.0026515038827376117,1
7809,KOR,South Korea,2020-03-30,71,9661,78,158,6,188.437,1.521,3.082,0.11699999999999999,395194.0,1053.0,7.707999999999999,0.021,cases tested,0.0031761923540307353,1
7810,KOR,South Korea,2020-03-31,72,9786,125,163,5,190.875,2.438,3.179,0.098,410564.0,15370.0,8.008,0.3,cases tested,0.0021880073680065767,1
7811,KOR,South Korea,2020-04-01,73,9786,0,163,0,190.875,0.0,3.179,0.0,421547.0,10983.0,8.222000000000001,0.214,cases tested,0.0058569031790954825,1
7812,KOR,South Korea,2020-04-02,74,9976,190,169,6,194.581,3.7060000000000004,3.2960000000000003,0.11699999999999999,431743.0,10196.0,8.421,0.19899999999999998,cases tested,0.008957888643704953,1
7813,KOR,South Korea,2020-04-03,75,10062,86,174,5,196.25799999999998,1.6769999999999998,3.3939999999999997,0.098,443273.0,11530.0,8.646,0.225,cases tested,0.008825788417266226,1
7814,KOR,South Korea,2020-04-04,76,10156,94,177,3,198.092,1.8330000000000002,3.452,0.059000000000000004,455032.0,11759.0,8.875,0.22899999999999998,cases tested,0.005368592310256134,1
7816,KOR,South Korea,2020-04-06,78,10284,47,186,3,200.588,0.917,3.628,0.059000000000000004,466804.0,5571.0,9.105,0.109,cases tested,0.002251328589890674,1
7817,KOR,South Korea,2020-04-07,79,10331,47,192,6,201.505,0.917,3.745,0.11699999999999999,477304.0,10500.0,9.31,0.205,cases tested,0.0018209563221192188,1
7820,KOR,South Korea,2020-04-10,82,10450,27,208,4,203.826,0.527,4.0569999999999995,0.078,503051.0,8340.0,9.812000000000001,0.163,cases tested,0.0012071256212701608,1
7821,KOR,South Korea,2020-04-11,83,10450,0,208,0,203.826,0.0,4.0569999999999995,0.0,510479.0,7428.0,9.957,0.145,cases tested,0.0018529670088530815,1
7822,KOR,South Korea,2020-04-12,84,10512,62,214,6,205.035,1.209,4.1739999999999995,0.11699999999999999,514621.0,4142.0,10.038,0.081,cases tested,0.0028836644235086663,1
7823,KOR,South Korea,2020-04-13,85,10537,25,217,3,205.523,0.488,4.2330000000000005,0.059000000000000004,518743.0,4122.0,10.118,0.08,cases tested,0.002893594426805489,1
7824,KOR,South Korea,2020-04-14,86,10564,27,222,5,206.05,0.527,4.33,0.098,527438.0,8695.0,10.288,0.17,cases tested,0.0019303016740893216,1
10611,NZL,New Zealand,2020-03-18,20,20,12,0,0,4.147,2.488,0.0,0.0,2919.0,1209.0,0.605,0.251,tests performed,0.0053639881219561016,1
10612,NZL,New Zealand,2020-03-19,21,28,8,0,0,5.806,1.659,0.0,0.0,4210.0,1291.0,0.873,0.268,tests performed,0.004438468215914608,1
10613,NZL,New Zealand,2020-03-20,22,39,11,0,0,8.088,2.281,0.0,0.0,5764.0,1554.0,1.195,0.322,tests performed,0.0018356843028801866,1
10614,NZL,New Zealand,2020-03-21,23,53,14,0,0,10.991,2.903,0.0,0.0,6940.0,1176.0,1.439,0.244,tests performed,0.002645502645502645,1
10615,NZL,New Zealand,2020-03-22,24,66,13,0,0,13.687000000000001,2.696,0.0,0.0,8196.0,1256.0,1.7,0.26,tests performed,0.0013470240138024208,1
10616,NZL,New Zealand,2020-03-23,25,102,36,0,0,21.151999999999997,7.465,0.0,0.0,9246.0,1050.0,1.9169999999999998,0.218,tests performed,0.01146384479717813,1
10617,NZL,New Zealand,2020-03-24,26,142,40,0,0,29.447,8.295,0.0,0.0,10790.0,1544.0,2.238,0.32,tests performed,0.012849790120161313,1
10618,NZL,New Zealand,2020-03-25,27,189,47,0,0,39.193000000000005,9.747,0.0,0.0,13382.0,2592.0,2.775,0.5379999999999999,tests performed,0.004909845117134058,1
10619,NZL,New Zealand,2020-03-26,28,262,73,0,0,54.332,15.138,0.0,0.0,15499.0,2117.0,3.214,0.439,tests performed,0.01533309977159903,1
10620,NZL,New Zealand,2020-03-27,29,338,76,0,0,70.092,15.76,0.0,0.0,17566.0,2067.0,3.6430000000000002,0.429,tests performed,0.014063343578960242,1
10621,NZL,New Zealand,2020-03-28,30,416,78,0,0,86.26700000000001,16.175,0.0,0.0,19375.0,1809.0,4.018,0.375,tests performed,0.0022192341079573037,1
10622,NZL,New Zealand,2020-03-29,31,476,60,1,1,98.709,12.442,0.207,0.207,20293.0,918.0,4.208,0.19,tests performed,0.00869996977480819,1
10623,NZL,New Zealand,2020-03-30,32,552,76,1,0,114.47,15.76,0.207,0.0,21684.0,1391.0,4.497,0.28800000000000003,tests performed,0.00869996977480819,1
10624,NZL,New Zealand,2020-03-31,33,647,95,1,0,134.17,19.7,0.207,0.0,23777.0,2093.0,4.931,0.434,tests performed,0.01545098365779121,1
10625,NZL,New Zealand,2020-04-01,34,647,0,1,0,134.17,0.0,0.207,0.0,26339.0,2562.0,5.462000000000001,0.531,tests performed,0.04432916658750195,1
10626,NZL,New Zealand,2020-04-02,35,723,76,1,0,149.931,15.76,0.207,0.0,29785.0,3446.0,6.1770000000000005,0.715,tests performed,0.04432916658750195,1
10627,NZL,New Zealand,2020-04-03,36,772,49,1,0,160.092,10.161,0.207,0.0,33416.0,3631.0,6.93,0.753,tests performed,0.033974468057046694,1
10628,NZL,New Zealand,2020-04-04,37,824,52,1,0,170.875,10.783,0.207,0.0,36509.0,3093.0,7.571000000000001,0.6409999999999999,tests performed,0.013049954662212286,1
10629,NZL,New Zealand,2020-04-05,38,872,48,1,0,180.829,9.954,0.207,0.0,40218.0,3709.0,8.34,0.769,tests performed,0.0018356843028800704,1
10630,NZL,New Zealand,2020-04-06,39,911,39,1,0,188.917,8.088,0.207,0.0,43126.0,2908.0,8.943,0.603,tests performed,0.005871541550687252,1
10631,NZL,New Zealand,2020-04-07,40,943,32,1,0,195.553,6.636,0.207,0.0,47175.0,4049.0,9.783,0.84,tests performed,0.0070730214082985795,1
10632,NZL,New Zealand,2020-04-08,41,969,26,1,0,200.94400000000002,5.392,0.207,0.0,51165.0,3990.0,10.61,0.8270000000000001,tests performed,0.005737572397396497,1
10633,NZL,New Zealand,2020-04-09,42,992,23,1,0,205.71400000000003,4.77,0.207,0.0,55685.0,4520.0,11.548,0.937,tests performed,0.004041072041407136,1
10634,NZL,New Zealand,2020-04-10,43,1015,23,2,1,210.483,4.77,0.415,0.207,58746.0,3061.0,12.182,0.635,tests performed,0.00152738166452244,1
10635,NZL,New Zealand,2020-04-11,44,1035,20,4,2,214.63099999999997,4.147,0.8290000000000001,0.415,61167.0,2421.0,12.684000000000001,0.502,tests performed,0.0015273816645224162,1
10636,NZL,New Zealand,2020-04-12,45,1049,14,4,0,217.53400000000002,2.903,0.8290000000000001,0.0,62827.0,1660.0,13.029000000000002,0.344,tests performed,0.0040410720414071006,1
10637,NZL,New Zealand,2020-04-13,46,1064,15,5,1,220.645,3.111,1.037,0.207,64399.0,1572.0,13.355,0.326,tests performed,0.0028347004000564644,1
10638,NZL,New Zealand,2020-04-14,47,1072,8,9,4,222.304,1.659,1.8659999999999999,0.8290000000000001,66499.0,2100.0,13.79,0.435,tests performed,0.0033385704560845793,1
10639,NZL,New Zealand,2020-04-15,48,1078,6,9,0,223.548,1.244,1.8659999999999999,0.0,70160.0,3661.0,14.549000000000001,0.759,tests performed,0.004167385913802803,1
10640,NZL,New Zealand,2020-04-16,49,1084,6,9,0,224.792,1.244,1.8659999999999999,0.0,74401.0,4241.0,15.429,0.879,tests performed,0.0010182544430143278,1
10641,NZL,New Zealand,2020-04-17,50,1086,2,11,2,225.207,0.415,2.281,0.415,79078.0,4677.0,16.399,0.97,tests performed,0.0020365088860299636,1
10642,NZL,New Zealand,2020-04-18,51,1094,8,11,0,226.86599999999999,1.659,2.281,0.0,83224.0,4146.0,17.258,0.86,tests performed,0.0026940480276045,1
10643,NZL,New Zealand,2020-04-19,52,1098,4,12,1,227.695,0.8290000000000001,2.488,0.207,86305.0,3081.0,17.897000000000002,0.639,tests performed,0.002694048027604495,1
10644,NZL,New Zealand,2020-04-20,53,1105,7,12,0,229.14700000000002,1.452,2.488,0.0,89508.0,3203.0,18.562,0.664,tests performed,0.0018356843028796933,1
10645,NZL,New Zealand,2020-04-21,54,1107,2,13,1,229.562,0.415,2.696,0.207,94797.0,5289.0,19.658,1.097,tests performed,0.002219234107956878,1
10646,NZL,New Zealand,2020-04-22,55,1112,5,14,1,230.59900000000002,1.037,2.903,0.207,101277.0,6480.0,21.002,1.344,tests performed,0.002219234107956881,1
10647,NZL,New Zealand,2020-04-23,56,1112,0,16,2,230.59900000000002,0.0,3.318,0.415,108238.0,6961.0,22.445999999999998,1.444,tests performed,0.0022192341079568596,1
10648,NZL,New Zealand,2020-04-24,57,1114,2,17,1,231.013,0.415,3.525,0.207,115015.0,6777.0,23.851,1.405,tests performed,0.0022192341079568596,1
10649,NZL,New Zealand,2020-04-25,58,1117,3,18,1,231.635,0.622,3.733,0.207,120981.0,5966.0,25.088,1.237,tests performed,0.0013470240138016797,1
10651,NZL,New Zealand,2020-04-27,60,1122,1,19,1,232.672,0.207,3.94,0.207,126066.0,2146.0,26.143,0.445,tests performed,0.0013470240138016944,1
10652,NZL,New Zealand,2020-04-28,61,1124,2,19,0,233.08700000000002,0.415,3.94,0.0,128703.0,2637.0,26.69,0.547,tests performed,0.0013470240138016897,1
