dateRep,cum_day,day,month,year,cases,deaths,countriesAndTerritories,geoId,countryterritoryCode,popData2018,Daily  total tests,Daily change in cumulative total tests per thousand,Total tests per thousand
31-12-2019,1,31,12,2019,0,0,Belgium,BE,BEL,11422068,0,0,0
01-01-2020,2,1,1,2020,0,0,Belgium,BE,BEL,11422068,0,0,0
02-01-2020,3,2,1,2020,0,0,Belgium,BE,BEL,11422068,0,0,0
03-01-2020,4,3,1,2020,0,0,Belgium,BE,BEL,11422068,0,0,0
04-01-2020,5,4,1,2020,0,0,Belgium,BE,BEL,11422068,0,0,0
05-01-2020,6,5,1,2020,0,0,Belgium,BE,BEL,11422068,0,0,0
06-01-2020,7,6,1,2020,0,0,Belgium,BE,BEL,11422068,0,0,0
07-01-2020,8,7,1,2020,0,0,Belgium,BE,BEL,11422068,0,0,0
08-01-2020,9,8,1,2020,0,0,Belgium,BE,BEL,11422068,0,0,0
09-01-2020,10,9,1,2020,0,0,Belgium,BE,BEL,11422068,0,0,0
10-01-2020,11,10,1,2020,0,0,Belgium,BE,BEL,11422068,0,0,0
11-01-2020,12,11,1,2020,0,0,Belgium,BE,BEL,11422068,0,0,0
12-01-2020,13,12,1,2020,0,0,Belgium,BE,BEL,11422068,0,0,0
13-01-2020,14,13,1,2020,0,0,Belgium,BE,BEL,11422068,0,0,0
14-01-2020,15,14,1,2020,0,0,Belgium,BE,BEL,11422068,0,0,0
15-01-2020,16,15,1,2020,0,0,Belgium,BE,BEL,11422068,0,0,0
16-01-2020,17,16,1,2020,0,0,Belgium,BE,BEL,11422068,0,0,0
17-01-2020,18,17,1,2020,0,0,Belgium,BE,BEL,11422068,0,0,0
18-01-2020,19,18,1,2020,0,0,Belgium,BE,BEL,11422068,0,0,0
19-01-2020,20,19,1,2020,0,0,Belgium,BE,BEL,11422068,0,0,0
20-01-2020,21,20,1,2020,0,0,Belgium,BE,BEL,11422068,0,0,0
21-01-2020,22,21,1,2020,0,0,Belgium,BE,BEL,11422068,0,0,0
22-01-2020,23,22,1,2020,0,0,Belgium,BE,BEL,11422068,0,0,0
23-01-2020,24,23,1,2020,0,0,Belgium,BE,BEL,11422068,0,0,0
24-01-2020,25,24,1,2020,0,0,Belgium,BE,BEL,11422068,0,0,0
25-01-2020,26,25,1,2020,0,0,Belgium,BE,BEL,11422068,0,0,0
26-01-2020,27,26,1,2020,0,0,Belgium,BE,BEL,11422068,0,0,0
27-01-2020,28,27,1,2020,0,0,Belgium,BE,BEL,11422068,0,0,0
28-01-2020,29,28,1,2020,0,0,Belgium,BE,BEL,11422068,0,0,0
29-01-2020,30,29,1,2020,0,0,Belgium,BE,BEL,11422068,0,0,0
30-01-2020,31,30,1,2020,0,0,Belgium,BE,BEL,11422068,0,0,0
31-01-2020,32,31,1,2020,0,0,Belgium,BE,BEL,11422068,0,0,0
01-02-2020,33,1,2,2020,0,0,Belgium,BE,BEL,11422068,0,0,0
02-02-2020,34,2,2,2020,0,0,Belgium,BE,BEL,11422068,0,0,0
03-02-2020,35,3,2,2020,0,0,Belgium,BE,BEL,11422068,0,0,0
04-02-2020,36,4,2,2020,1,0,Belgium,BE,BEL,11422068,1,0,0
05-02-2020,37,5,2,2020,0,0,Belgium,BE,BEL,11422068,0,0,0
06-02-2020,38,6,2,2020,0,0,Belgium,BE,BEL,11422068,0,0,0
07-02-2020,39,7,2,2020,0,0,Belgium,BE,BEL,11422068,0,0,0
08-02-2020,40,8,2,2020,0,0,Belgium,BE,BEL,11422068,0,0,0
09-02-2020,41,9,2,2020,0,0,Belgium,BE,BEL,11422068,0,0,0
10-02-2020,42,10,2,2020,0,0,Belgium,BE,BEL,11422068,0,0,0
11-02-2020,43,11,2,2020,0,0,Belgium,BE,BEL,11422068,0,0,0
12-02-2020,44,12,2,2020,0,0,Belgium,BE,BEL,11422068,0,0,0
13-02-2020,45,13,2,2020,0,0,Belgium,BE,BEL,11422068,0,0,0
14-02-2020,46,14,2,2020,0,0,Belgium,BE,BEL,11422068,0,0,0
15-02-2020,47,15,2,2020,0,0,Belgium,BE,BEL,11422068,0,0,0
16-02-2020,48,16,2,2020,0,0,Belgium,BE,BEL,11422068,0,0,0
17-02-2020,49,17,2,2020,0,0,Belgium,BE,BEL,11422068,0,0,0
18-02-2020,50,18,2,2020,0,0,Belgium,BE,BEL,11422068,0,0,0
19-02-2020,51,19,2,2020,0,0,Belgium,BE,BEL,11422068,0,0,0
20-02-2020,52,20,2,2020,0,0,Belgium,BE,BEL,11422068,0,0,0
21-02-2020,53,21,2,2020,0,0,Belgium,BE,BEL,11422068,0,0,0
22-02-2020,54,22,2,2020,0,0,Belgium,BE,BEL,11422068,0,0,0
23-02-2020,55,23,2,2020,0,0,Belgium,BE,BEL,11422068,0,0,0
24-02-2020,56,24,2,2020,0,0,Belgium,BE,BEL,11422068,0,0,0
25-02-2020,57,25,2,2020,0,0,Belgium,BE,BEL,11422068,0,0,0
26-02-2020,58,26,2,2020,0,0,Belgium,BE,BEL,11422068,0,0,0
27-02-2020,59,27,2,2020,0,0,Belgium,BE,BEL,11422068,0,0,0
28-02-2020,60,28,2,2020,0,0,Belgium,BE,BEL,11422068,0,0,0
29-02-2020,61,29,2,2020,0,0,Belgium,BE,BEL,11422068,0,0,0
01-03-2020,62,1,3,2020,0,0,Belgium,BE,BEL,11422068,56,0.005,0.005
02-03-2020,63,2,3,2020,1,0,Belgium,BE,BEL,11422068,281,0.024,0.029
03-03-2020,64,3,3,2020,6,0,Belgium,BE,BEL,11422068,477,0.041,0.07
04-03-2020,65,4,3,2020,5,0,Belgium,BE,BEL,11422068,634,0.055,0.125
05-03-2020,66,5,3,2020,10,0,Belgium,BE,BEL,11422068,702,0.061,0.185
06-03-2020,67,6,3,2020,27,0,Belgium,BE,BEL,11422068,1006,0.087,0.272
07-03-2020,68,7,3,2020,59,0,Belgium,BE,BEL,11422068,403,0.035,0.306
08-03-2020,69,8,3,2020,60,0,Belgium,BE,BEL,11422068,398,0.035,0.341
09-03-2020,70,9,3,2020,31,0,Belgium,BE,BEL,11422068,550,0.047,0.388
10-03-2020,71,10,3,2020,39,0,Belgium,BE,BEL,11422068,739,0.064,0.451
11-03-2020,72,11,3,2020,28,0,Belgium,BE,BEL,11422068,1018,0.087,0.539
12-03-2020,73,12,3,2020,47,3,Belgium,BE,BEL,11422068,1395,0.121,0.659
13-03-2020,74,13,3,2020,85,0,Belgium,BE,BEL,11422068,2349,0.207,0.861
14-03-2020,75,14,3,2020,160,0,Belgium,BE,BEL,11422068,2013,0.172,1.035
15-03-2020,76,15,3,2020,130,1,Belgium,BE,BEL,11422068,1123,0.101,1.131
16-03-2020,77,16,3,2020,197,0,Belgium,BE,BEL,11422068,1660,0.143,1.274
17-03-2020,78,17,3,2020,199,1,Belgium,BE,BEL,11422068,1940,0.166,1.441
18-03-2020,79,18,3,2020,158,0,Belgium,BE,BEL,11422068,2382,0.208,1.646
19-03-2020,80,19,3,2020,243,9,Belgium,BE,BEL,11422068,2900,0.25,1.896
20-03-2020,81,20,3,2020,309,7,Belgium,BE,BEL,11422068,2613,0.222,2.12
21-03-2020,82,21,3,2020,462,16,Belgium,BE,BEL,11422068,1964,0.168,2.289
22-03-2020,83,22,3,2020,558,30,Belgium,BE,BEL,11422068,1166,0.101,2.39
23-03-2020,84,23,3,2020,586,8,Belgium,BE,BEL,11422068,2640,0.23,2.617
24-03-2020,85,24,3,2020,342,13,Belgium,BE,BEL,11422068,3282,0.282,2.899
25-03-2020,86,25,3,2020,526,34,Belgium,BE,BEL,11422068,3622,0.315,3.211
26-03-2020,87,26,3,2020,668,56,Belgium,BE,BEL,11422068,3552,0.308,3.517
27-03-2020,88,27,3,2020,1298,42,Belgium,BE,BEL,11422068,4241,0.369,3.882
28-03-2020,89,28,3,2020,1049,69,Belgium,BE,BEL,11422068,3319,0.281,4.167
29-03-2020,90,29,3,2020,1850,64,Belgium,BE,BEL,11422068,2018,0.175,4.341
30-03-2020,91,30,3,2020,1702,78,Belgium,BE,BEL,11422068,3363,0.284,4.63
31-03-2020,92,31,3,2020,1063,82,Belgium,BE,BEL,11422068,5462,0.478,5.101
01-04-2020,93,1,4,2020,876,192,Belgium,BE,BEL,11422068,4873,0.422,5.52
02-04-2020,94,2,4,2020,1189,123,Belgium,BE,BEL,11422068,4845,0.407,5.937
03-04-2020,95,3,4,2020,1384,183,Belgium,BE,BEL,11422068,5271,0.435,6.39
04-04-2020,96,4,4,2020,1422,132,Belgium,BE,BEL,11422068,4329,0.367,6.763
05-04-2020,97,5,4,2020,1661,140,Belgium,BE,BEL,11422068,2584,0.22,6.985
06-04-2020,98,6,4,2020,1260,164,Belgium,BE,BEL,11422068,4409,0.38,7.365
07-04-2020,99,7,4,2020,1123,185,Belgium,BE,BEL,11422068,5749,0.492,7.86
08-04-2020,100,8,4,2020,1380,403,Belgium,BE,BEL,11422068,6037,0.514,8.379
09-04-2020,101,9,4,2020,1209,205,Belgium,BE,BEL,11422068,6073,0.499,8.902
10-04-2020,102,10,4,2020,1580,283,Belgium,BE,BEL,11422068,6561,0.472,9.466
31-12-2019,1,31,12,2019,0,0,France,FR,FRA,66987244,0,0,0
01-01-2020,2,1,1,2020,0,0,France,FR,FRA,66987244,0,0,0
02-01-2020,3,2,1,2020,0,0,France,FR,FRA,66987244,0,0,0
03-01-2020,4,3,1,2020,0,0,France,FR,FRA,66987244,0,0,0
04-01-2020,5,4,1,2020,0,0,France,FR,FRA,66987244,0,0,0
05-01-2020,6,5,1,2020,0,0,France,FR,FRA,66987244,0,0,0
06-01-2020,7,6,1,2020,0,0,France,FR,FRA,66987244,0,0,0
07-01-2020,8,7,1,2020,0,0,France,FR,FRA,66987244,0,0,0
08-01-2020,9,8,1,2020,0,0,France,FR,FRA,66987244,0,0,0
09-01-2020,10,9,1,2020,0,0,France,FR,FRA,66987244,0,0,0
10-01-2020,11,10,1,2020,0,0,France,FR,FRA,66987244,0,0,0
11-01-2020,12,11,1,2020,0,0,France,FR,FRA,66987244,0,0,0
12-01-2020,13,12,1,2020,0,0,France,FR,FRA,66987244,0,0,0
13-01-2020,14,13,1,2020,0,0,France,FR,FRA,66987244,0,0,0
14-01-2020,15,14,1,2020,0,0,France,FR,FRA,66987244,0,0,0
15-01-2020,16,15,1,2020,0,0,France,FR,FRA,66987244,0,0,0
16-01-2020,17,16,1,2020,0,0,France,FR,FRA,66987244,0,0,0
17-01-2020,18,17,1,2020,0,0,France,FR,FRA,66987244,0,0,0
18-01-2020,19,18,1,2020,0,0,France,FR,FRA,66987244,0,0,0
19-01-2020,20,19,1,2020,0,0,France,FR,FRA,66987244,0,0,0
20-01-2020,21,20,1,2020,0,0,France,FR,FRA,66987244,0,0,0
21-01-2020,22,21,1,2020,0,0,France,FR,FRA,66987244,0,0,0
22-01-2020,23,22,1,2020,0,0,France,FR,FRA,66987244,0,0,0
23-01-2020,24,23,1,2020,0,0,France,FR,FRA,66987244,0,0,0
24-01-2020,25,24,1,2020,0,0,France,FR,FRA,66987244,0,0,0
25-01-2020,26,25,1,2020,3,0,France,FR,FRA,66987244,3,0,0
26-01-2020,27,26,1,2020,0,0,France,FR,FRA,66987244,0,0,0
27-01-2020,28,27,1,2020,0,0,France,FR,FRA,66987244,0,0,0
28-01-2020,29,28,1,2020,0,0,France,FR,FRA,66987244,0,0,0
29-01-2020,30,29,1,2020,1,0,France,FR,FRA,66987244,1,0,0
30-01-2020,31,30,1,2020,1,0,France,FR,FRA,66987244,1,0,0
31-01-2020,32,31,1,2020,1,0,France,FR,FRA,66987244,1,0,0
01-02-2020,33,1,2,2020,0,0,France,FR,FRA,66987244,0,0,0
02-02-2020,34,2,2,2020,0,0,France,FR,FRA,66987244,0,0,0
03-02-2020,35,3,2,2020,0,0,France,FR,FRA,66987244,0,0,0
04-02-2020,36,4,2,2020,0,0,France,FR,FRA,66987244,0,0,0
05-02-2020,37,5,2,2020,0,0,France,FR,FRA,66987244,0,0,0
06-02-2020,38,6,2,2020,0,0,France,FR,FRA,66987244,0,0,0
07-02-2020,39,7,2,2020,0,0,France,FR,FRA,66987244,0,0,0
08-02-2020,40,8,2,2020,5,0,France,FR,FRA,66987244,5,0,0
09-02-2020,41,9,2,2020,0,0,France,FR,FRA,66987244,0,0,0
10-02-2020,42,10,2,2020,0,0,France,FR,FRA,66987244,0,0,0
11-02-2020,43,11,2,2020,0,0,France,FR,FRA,66987244,0,0,0
12-02-2020,44,12,2,2020,0,0,France,FR,FRA,66987244,0,0,0
13-02-2020,45,13,2,2020,0,0,France,FR,FRA,66987244,0,0,0
14-02-2020,46,14,2,2020,0,0,France,FR,FRA,66987244,0,0,0
15-02-2020,47,15,2,2020,0,1,France,FR,FRA,66987244,0,0,0
16-02-2020,48,16,2,2020,0,0,France,FR,FRA,66987244,0,0,0
17-02-2020,49,17,2,2020,1,0,France,FR,FRA,66987244,1,0,0
18-02-2020,50,18,2,2020,0,0,France,FR,FRA,66987244,0,0,0
19-02-2020,51,19,2,2020,0,0,France,FR,FRA,66987244,0,0,0
20-02-2020,52,20,2,2020,0,0,France,FR,FRA,66987244,0,0,0
21-02-2020,53,21,2,2020,0,0,France,FR,FRA,66987244,0,0,0
22-02-2020,54,22,2,2020,0,0,France,FR,FRA,66987244,0,0,0
23-02-2020,55,23,2,2020,0,0,France,FR,FRA,66987244,0,0,0
24-02-2020,56,24,2,2020,0,0,France,FR,FRA,66987244,0,0.002,0
25-02-2020,57,25,2,2020,0,0,France,FR,FRA,66987244,115,0.004,0.002
26-02-2020,58,26,2,2020,2,0,France,FR,FRA,66987244,266,0.007,0.006
27-02-2020,59,27,2,2020,3,1,France,FR,FRA,66987244,439,0.007,0.013
28-02-2020,60,28,2,2020,21,0,France,FR,FRA,66987244,465,0.009,0.02
29-02-2020,61,29,2,2020,19,0,France,FR,FRA,66987244,586,0.008,0.029
01-03-2020,62,1,3,2020,43,0,France,FR,FRA,66987244,549,0.007,0.037
02-03-2020,63,2,3,2020,30,0,France,FR,FRA,66987244,436,0.011,0.044
03-03-2020,64,3,3,2020,48,1,France,FR,FRA,66987244,707,0.018,0.055
04-03-2020,65,4,3,2020,34,1,France,FR,FRA,66987244,1209,0.019,0.073
05-03-2020,66,5,3,2020,73,0,France,FR,FRA,66987244,1243,0.025,0.092
06-03-2020,67,6,3,2020,138,3,France,FR,FRA,66987244,1649,0.027,0.117
07-03-2020,68,7,3,2020,190,2,France,FR,FRA,66987244,1800,0.024,0.144
08-03-2020,69,8,3,2020,103,1,France,FR,FRA,66987244,1576,0.024,0.168
09-03-2020,70,9,3,2020,410,9,France,FR,FRA,66987244,1596,0.036,0.193
10-03-2020,71,10,3,2020,286,11,France,FR,FRA,66987244,2351,0.066,0.229
11-03-2020,72,11,3,2020,372,3,France,FR,FRA,66987244,3106,0.066,0.295
12-03-2020,73,12,3,2020,497,15,France,FR,FRA,66987244,3861,0.066,0.361
13-03-2020,74,13,3,2020,595,13,France,FR,FRA,66987244,4616,0.066,0.427
14-03-2020,75,14,3,2020,785,18,France,FR,FRA,66987244,5371,0.066,0.493
15-03-2020,76,15,3,2020,838,12,France,FR,FRA,66987244,6126,0.119666667,0.559
16-03-2020,77,16,3,2020,924,36,France,FR,FRA,66987244,5777,0.119666667,0.678666667
17-03-2020,78,17,3,2020,1210,21,France,FR,FRA,66987244,6223,0.119666667,0.798333333
18-03-2020,79,18,3,2020,1097,27,France,FR,FRA,66987244,6669,0.119666667,0.918
19-03-2020,80,19,3,2020,1404,69,France,FR,FRA,66987244,7116,0.119666667,1.037666667
20-03-2020,81,20,3,2020,1861,128,France,FR,FRA,66987244,7562,0.119666667,1.157333333
21-03-2020,82,21,3,2020,1617,78,France,FR,FRA,66987244,8008,0.119666667,1.277
22-03-2020,83,22,3,2020,1847,112,France,FR,FRA,66987244,8455,0.119666667,1.396666667
23-03-2020,84,23,3,2020,1559,112,France,FR,FRA,66987244,8901,0.119666667,1.516333333
24-03-2020,85,24,3,2020,3838,186,France,FR,FRA,66987244,9348,0.253714286,1.636
25-03-2020,86,25,3,2020,2446,240,France,FR,FRA,66987244,9794,0.253714286,1.889714286
26-03-2020,87,26,3,2020,2931,231,France,FR,FRA,66987244,10240,0.253714286,2.143428571
27-03-2020,88,27,3,2020,3922,365,France,FR,FRA,66987244,10687,0.253714286,2.397142857
28-03-2020,89,28,3,2020,3809,299,France,FR,FRA,66987244,11133,0.253714286,2.650857143
29-03-2020,90,29,3,2020,4611,319,France,FR,FRA,66987244,11579,0.253714286,2.904571429
30-03-2020,91,30,3,2020,2599,292,France,FR,FRA,66987244,12026,0.253714286,3.158285714
31-03-2020,92,31,3,2020,4376,418,France,FR,FRA,66987244,12472,0.238142857,3.412
01-04-2020,93,1,4,2020,7578,499,France,FR,FRA,66987244,12918,0.238142857,3.650142857
02-04-2020,94,2,4,2020,4861,509,France,FR,FRA,66987244,13365,0.238142857,3.888285714
03-04-2020,95,3,4,2020,2116,471,France,FR,FRA,66987244,13811,0.238142857,4.126428571
04-04-2020,96,4,4,2020,5233,2004,France,FR,FRA,66987244,14257,0.238142857,4.364571429
05-04-2020,97,5,4,2020,4267,1053,France,FR,FRA,66987244,14704,0.238142857,4.602714286
06-04-2020,98,6,4,2020,1873,518,France,FR,FRA,66987244,15150,0.238142857,4.840857143
07-04-2020,99,7,4,2020,3912,833,France,FR,FRA,66987244,15596,0.238142857,5.079
08-04-2020,100,8,4,2020,3777,1417,France,FR,FRA,66987244,16043,0.238142857,5.317142857
09-04-2020,101,9,4,2020,3881,541,France,FR,FRA,66987244,16489,0.238142857,5.555285714
10-04-2020,102,10,4,2020,4286,1341,France,FR,FRA,66987244,16936,0.238142857,5.793428571
31-12-2019,1,31,12,2019,0,0,India,IN,IND,1352617328,0,0,0
01-01-2020,2,1,1,2020,0,0,India,IN,IND,1352617328,0,0,0
02-01-2020,3,2,1,2020,0,0,India,IN,IND,1352617328,0,0,0
03-01-2020,4,3,1,2020,0,0,India,IN,IND,1352617328,0,0,0
04-01-2020,5,4,1,2020,0,0,India,IN,IND,1352617328,0,0,0
05-01-2020,6,5,1,2020,0,0,India,IN,IND,1352617328,0,0,0
06-01-2020,7,6,1,2020,0,0,India,IN,IND,1352617328,0,0,0
07-01-2020,8,7,1,2020,0,0,India,IN,IND,1352617328,0,0,0
08-01-2020,9,8,1,2020,0,0,India,IN,IND,1352617328,0,0,0
09-01-2020,10,9,1,2020,0,0,India,IN,IND,1352617328,0,0,0
10-01-2020,11,10,1,2020,0,0,India,IN,IND,1352617328,0,0,0
11-01-2020,12,11,1,2020,0,0,India,IN,IND,1352617328,0,0,0
12-01-2020,13,12,1,2020,0,0,India,IN,IND,1352617328,0,0,0
13-01-2020,14,13,1,2020,0,0,India,IN,IND,1352617328,0,0,0
14-01-2020,15,14,1,2020,0,0,India,IN,IND,1352617328,0,0,0
15-01-2020,16,15,1,2020,0,0,India,IN,IND,1352617328,0,0,0
16-01-2020,17,16,1,2020,0,0,India,IN,IND,1352617328,0,0,0
17-01-2020,18,17,1,2020,0,0,India,IN,IND,1352617328,0,0,0
18-01-2020,19,18,1,2020,0,0,India,IN,IND,1352617328,0,0,0
19-01-2020,20,19,1,2020,0,0,India,IN,IND,1352617328,0,0,0
20-01-2020,21,20,1,2020,0,0,India,IN,IND,1352617328,0,0,0
21-01-2020,22,21,1,2020,0,0,India,IN,IND,1352617328,0,0,0
22-01-2020,23,22,1,2020,0,0,India,IN,IND,1352617328,0,0,0
23-01-2020,24,23,1,2020,0,0,India,IN,IND,1352617328,0,0,0
24-01-2020,25,24,1,2020,0,0,India,IN,IND,1352617328,0,0,0
25-01-2020,26,25,1,2020,0,0,India,IN,IND,1352617328,0,0,0
26-01-2020,27,26,1,2020,0,0,India,IN,IND,1352617328,0,0,0
27-01-2020,28,27,1,2020,0,0,India,IN,IND,1352617328,0,0,0
28-01-2020,29,28,1,2020,0,0,India,IN,IND,1352617328,0,0,0
29-01-2020,30,29,1,2020,0,0,India,IN,IND,1352617328,0,0,0
30-01-2020,31,30,1,2020,1,0,India,IN,IND,1352617328,1,0,0
31-01-2020,32,31,1,2020,0,0,India,IN,IND,1352617328,0,0,0
01-02-2020,33,1,2,2020,0,0,India,IN,IND,1352617328,0,0,0
02-02-2020,34,2,2,2020,1,0,India,IN,IND,1352617328,1,0,0
03-02-2020,35,3,2,2020,0,0,India,IN,IND,1352617328,0,0,0
04-02-2020,36,4,2,2020,1,0,India,IN,IND,1352617328,1,0,0
05-02-2020,37,5,2,2020,0,0,India,IN,IND,1352617328,0,0,0
06-02-2020,38,6,2,2020,0,0,India,IN,IND,1352617328,0,0,0
07-02-2020,39,7,2,2020,0,0,India,IN,IND,1352617328,0,0,0
08-02-2020,40,8,2,2020,0,0,India,IN,IND,1352617328,0,0,0
09-02-2020,41,9,2,2020,0,0,India,IN,IND,1352617328,0,0,0
10-02-2020,42,10,2,2020,0,0,India,IN,IND,1352617328,0,0,0
11-02-2020,43,11,2,2020,0,0,India,IN,IND,1352617328,0,0,0
12-02-2020,44,12,2,2020,0,0,India,IN,IND,1352617328,0,0,0
13-02-2020,45,13,2,2020,0,0,India,IN,IND,1352617328,0,0,0
14-02-2020,46,14,2,2020,0,0,India,IN,IND,1352617328,0,0,0
15-02-2020,47,15,2,2020,0,0,India,IN,IND,1352617328,0,0,0
16-02-2020,48,16,2,2020,0,0,India,IN,IND,1352617328,0,0,0
17-02-2020,49,17,2,2020,0,0,India,IN,IND,1352617328,0,0,0
18-02-2020,50,18,2,2020,0,0,India,IN,IND,1352617328,0,0,0
19-02-2020,51,19,2,2020,0,0,India,IN,IND,1352617328,0,0,0
20-02-2020,52,20,2,2020,0,0,India,IN,IND,1352617328,0,0,0
21-02-2020,53,21,2,2020,0,0,India,IN,IND,1352617328,0,0,0
22-02-2020,54,22,2,2020,0,0,India,IN,IND,1352617328,0,0,0
23-02-2020,55,23,2,2020,0,0,India,IN,IND,1352617328,0,0,0
24-02-2020,56,24,2,2020,0,0,India,IN,IND,1352617328,10,0,0
25-02-2020,57,25,2,2020,0,0,India,IN,IND,1352617328,10,0,0
26-02-2020,58,26,2,2020,0,0,India,IN,IND,1352617328,10,0,0
27-02-2020,59,27,2,2020,0,0,India,IN,IND,1352617328,10,0,0
28-02-2020,60,28,2,2020,0,0,India,IN,IND,1352617328,10,0,0
29-02-2020,61,29,2,2020,0,0,India,IN,IND,1352617328,10,0,0
01-03-2020,62,1,3,2020,0,0,India,IN,IND,1352617328,10,0,0
02-03-2020,63,2,3,2020,0,0,India,IN,IND,1352617328,10,0,0
03-03-2020,64,3,3,2020,2,0,India,IN,IND,1352617328,12,0,0
04-03-2020,65,4,3,2020,1,0,India,IN,IND,1352617328,11,0,0
05-03-2020,66,5,3,2020,22,0,India,IN,IND,1352617328,32,0,0
06-03-2020,67,6,3,2020,1,0,India,IN,IND,1352617328,11,0,0
07-03-2020,68,7,3,2020,2,0,India,IN,IND,1352617328,12,0,0
08-03-2020,69,8,3,2020,3,0,India,IN,IND,1352617328,13,0,0
10-03-2020,71,10,3,2020,10,0,India,IN,IND,1352617328,20,0,0
11-03-2020,72,11,3,2020,6,0,India,IN,IND,1352617328,16,0,0
12-03-2020,73,12,3,2020,23,0,India,IN,IND,1352617328,33,0,0
13-03-2020,74,13,3,2020,2,1,India,IN,IND,1352617328,12,0,0.005
14-03-2020,75,14,3,2020,8,1,India,IN,IND,1352617328,18,0.00132,0.002695556
15-03-2020,76,15,3,2020,7,0,India,IN,IND,1352617328,17,0.00132,0.004015556
16-03-2020,77,16,3,2020,3,0,India,IN,IND,1352617328,13,0.00132,0.005335556
17-03-2020,78,17,3,2020,32,1,India,IN,IND,1352617328,42,0.002344444,0.006655556
18-03-2020,79,18,3,2020,12,0,India,IN,IND,1352617328,22,0.001,0.009
19-03-2020,80,19,3,2020,28,0,India,IN,IND,1352617328,191,0,0.01
20-03-2020,81,20,3,2020,26,1,India,IN,IND,1352617328,1060,0.001,0.01
21-03-2020,82,21,3,2020,40,0,India,IN,IND,1352617328,1325,0.001,0.011
22-03-2020,83,22,3,2020,89,0,India,IN,IND,1352617328,1298,0.003,0.012
23-03-2020,84,23,3,2020,119,3,India,IN,IND,1352617328,3708,0,0.015
24-03-2020,85,24,3,2020,53,2,India,IN,IND,1352617328,157,0,0.015
25-03-2020,86,25,3,2020,70,0,India,IN,IND,1352617328,4280,0.003,0.018
26-03-2020,87,26,3,2020,87,4,India,IN,IND,1352617328,3709.5,0.0017,0.0193
27-03-2020,88,27,3,2020,75,4,India,IN,IND,1352617328,4249,0.0017,0.021
28-03-2020,89,28,3,2020,149,2,India,IN,IND,1352617328,4788.5,0.0017,0.0227
29-03-2020,90,29,3,2020,106,6,India,IN,IND,1352617328,5328,0.0017,0.0244
30-03-2020,91,30,3,2020,92,4,India,IN,IND,1352617328,5867.5,0.0017,0.0261
31-03-2020,92,31,3,2020,180,3,India,IN,IND,1352617328,6407,0.0017,0.0278
01-04-2020,93,1,4,2020,146,3,India,IN,IND,1352617328,6946.5,0.0055,0.0295
02-04-2020,94,2,4,2020,568,15,India,IN,IND,1352617328,7486,0.015,0.035
03-04-2020,95,3,4,2020,336,6,India,IN,IND,1352617328,21294,0.008,0.05
04-04-2020,96,4,4,2020,601,12,India,IN,IND,1352617328,10705,0.007,0.058
05-04-2020,97,5,4,2020,472,9,India,IN,IND,1352617328,9584,0.008,0.065
06-04-2020,98,6,4,2020,693,32,India,IN,IND,1352617328,11534,0.009,0.073
07-04-2020,99,7,4,2020,354,5,India,IN,IND,1352617328,12947,0.01,0.082
08-04-2020,100,8,4,2020,773,35,India,IN,IND,1352617328,13904,0.013,0.092
09-04-2020,101,9,4,2020,540,17,India,IN,IND,1352617328,16991,0.012,0.105
10-04-2020,102,10,4,2020,678,33,India,IN,IND,1352617328,16420,0.012,0.117
31-12-2019,1,31,12,2019,0,0,Italy,IT,ITA,60431283,5,0,0
01-01-2020,2,1,1,2020,0,0,Italy,IT,ITA,60431283,5,0,0
02-01-2020,3,2,1,2020,0,0,Italy,IT,ITA,60431283,5,0,0
03-01-2020,4,3,1,2020,0,0,Italy,IT,ITA,60431283,5,0,0
04-01-2020,5,4,1,2020,0,0,Italy,IT,ITA,60431283,5,0,0
05-01-2020,6,5,1,2020,0,0,Italy,IT,ITA,60431283,5,0,0
06-01-2020,7,6,1,2020,0,0,Italy,IT,ITA,60431283,5,0,0
07-01-2020,8,7,1,2020,0,0,Italy,IT,ITA,60431283,5,0,0
08-01-2020,9,8,1,2020,0,0,Italy,IT,ITA,60431283,5,0,0
09-01-2020,10,9,1,2020,0,0,Italy,IT,ITA,60431283,5,0,0
10-01-2020,11,10,1,2020,0,0,Italy,IT,ITA,60431283,5,0,0
11-01-2020,12,11,1,2020,0,0,Italy,IT,ITA,60431283,5,0,0
12-01-2020,13,12,1,2020,0,0,Italy,IT,ITA,60431283,5,0,0
13-01-2020,14,13,1,2020,0,0,Italy,IT,ITA,60431283,5,0,0
14-01-2020,15,14,1,2020,0,0,Italy,IT,ITA,60431283,5,0,0
15-01-2020,16,15,1,2020,0,0,Italy,IT,ITA,60431283,5,0,0
16-01-2020,17,16,1,2020,0,0,Italy,IT,ITA,60431283,5,0,0
17-01-2020,18,17,1,2020,0,0,Italy,IT,ITA,60431283,5,0,0
18-01-2020,19,18,1,2020,0,0,Italy,IT,ITA,60431283,5,0,0
19-01-2020,20,19,1,2020,0,0,Italy,IT,ITA,60431283,5,0,0
20-01-2020,21,20,1,2020,0,0,Italy,IT,ITA,60431283,5,0,0
21-01-2020,22,21,1,2020,0,0,Italy,IT,ITA,60431283,5,0,0
22-01-2020,23,22,1,2020,0,0,Italy,IT,ITA,60431283,5,0,0
23-01-2020,24,23,1,2020,0,0,Italy,IT,ITA,60431283,5,0,0
24-01-2020,25,24,1,2020,0,0,Italy,IT,ITA,60431283,5,0,0
25-01-2020,26,25,1,2020,0,0,Italy,IT,ITA,60431283,5,0,0
26-01-2020,27,26,1,2020,0,0,Italy,IT,ITA,60431283,5,0,0
27-01-2020,28,27,1,2020,0,0,Italy,IT,ITA,60431283,5,0,0
28-01-2020,29,28,1,2020,0,0,Italy,IT,ITA,60431283,5,0,0
29-01-2020,30,29,1,2020,0,0,Italy,IT,ITA,60431283,5,0,0
30-01-2020,31,30,1,2020,0,0,Italy,IT,ITA,60431283,5,0,0
31-01-2020,32,31,1,2020,3,0,Italy,IT,ITA,60431283,8,0,0
01-02-2020,33,1,2,2020,0,0,Italy,IT,ITA,60431283,5,0,0
02-02-2020,34,2,2,2020,0,0,Italy,IT,ITA,60431283,5,0,0
03-02-2020,35,3,2,2020,0,0,Italy,IT,ITA,60431283,5,0,0
04-02-2020,36,4,2,2020,0,0,Italy,IT,ITA,60431283,5,0,0
05-02-2020,37,5,2,2020,0,0,Italy,IT,ITA,60431283,5,0,0
06-02-2020,38,6,2,2020,0,0,Italy,IT,ITA,60431283,5,0,0
07-02-2020,39,7,2,2020,0,0,Italy,IT,ITA,60431283,5,0,0
08-02-2020,40,8,2,2020,0,0,Italy,IT,ITA,60431283,5,0,0
09-02-2020,41,9,2,2020,0,0,Italy,IT,ITA,60431283,5,0,0
10-02-2020,42,10,2,2020,0,0,Italy,IT,ITA,60431283,5,0,0
11-02-2020,43,11,2,2020,0,0,Italy,IT,ITA,60431283,5,0,0
12-02-2020,44,12,2,2020,0,0,Italy,IT,ITA,60431283,5,0,0
13-02-2020,45,13,2,2020,0,0,Italy,IT,ITA,60431283,5,0,0
14-02-2020,46,14,2,2020,0,0,Italy,IT,ITA,60431283,5,0,0
15-02-2020,47,15,2,2020,0,0,Italy,IT,ITA,60431283,5,0,0
16-02-2020,48,16,2,2020,0,0,Italy,IT,ITA,60431283,5,0,0
17-02-2020,49,17,2,2020,0,0,Italy,IT,ITA,60431283,5,0,0
18-02-2020,50,18,2,2020,0,0,Italy,IT,ITA,60431283,5,0,0
19-02-2020,51,19,2,2020,0,0,Italy,IT,ITA,60431283,5,0,0
20-02-2020,52,20,2,2020,0,0,Italy,IT,ITA,60431283,5,0,0
21-02-2020,53,21,2,2020,0,0,Italy,IT,ITA,60431283,5,0,0
22-02-2020,54,22,2,2020,14,0,Italy,IT,ITA,60431283,19,0,0
23-02-2020,55,23,2,2020,62,2,Italy,IT,ITA,60431283,2510.854545,0.036530303,0.036530303
24-02-2020,56,24,2,2020,53,0,Italy,IT,ITA,60431283,2568.2,0.073,0.073
25-02-2020,57,25,2,2020,97,4,Italy,IT,ITA,60431283,4299,0.016,0.146
26-02-2020,58,26,2,2020,93,5,Italy,IT,ITA,60431283,964,0.041,0.162
27-02-2020,59,27,2,2020,78,1,Italy,IT,ITA,60431283,2427,0.062,0.203
28-02-2020,60,28,2,2020,250,5,Italy,IT,ITA,60431283,3681,0.05,0.265
29-02-2020,61,29,2,2020,238,4,Italy,IT,ITA,60431283,2966,0.042,0.316
01-03-2020,62,1,3,2020,240,8,Italy,IT,ITA,60431283,2466,0.038,0.357
02-03-2020,63,2,3,2020,561,6,Italy,IT,ITA,60431283,2218,0.042,0.395
03-03-2020,64,3,3,2020,347,17,Italy,IT,ITA,60431283,2511,0.067,0.437
04-03-2020,65,4,3,2020,466,28,Italy,IT,ITA,60431283,3981,0.043,0.505
05-03-2020,66,5,3,2020,587,27,Italy,IT,ITA,60431283,2525,0.068,0.547
06-03-2020,67,6,3,2020,769,41,Italy,IT,ITA,60431283,3997,0.096,0.615
07-03-2020,68,7,3,2020,778,49,Italy,IT,ITA,60431283,5703,0.133,0.711
08-03-2020,69,8,3,2020,1247,36,Italy,IT,ITA,60431283,7875,0.066,0.844
09-03-2020,70,9,3,2020,1492,133,Italy,IT,ITA,60431283,3889,0.117,0.91
10-03-2020,71,10,3,2020,1797,98,Italy,IT,ITA,60431283,6935,0.21,1.028
11-03-2020,72,11,3,2020,977,167,Italy,IT,ITA,60431283,12393,0.217,1.237
12-03-2020,73,12,3,2020,2313,196,Italy,IT,ITA,60431283,12857,0.194,1.455
13-03-2020,74,13,3,2020,2651,189,Italy,IT,ITA,60431283,11477,0.198,1.649
14-03-2020,75,14,3,2020,2547,252,Italy,IT,ITA,60431283,11682,0.266,1.846
15-03-2020,76,15,3,2020,3497,173,Italy,IT,ITA,60431283,15729,0.221,2.112
16-03-2020,77,16,3,2020,2823,370,Italy,IT,ITA,60431283,13063,0.181,2.333
17-03-2020,78,17,3,2020,4000,347,Italy,IT,ITA,60431283,10695,0.286,2.514
18-03-2020,79,18,3,2020,3526,347,Italy,IT,ITA,60431283,16884,0.291,2.8
19-03-2020,80,19,3,2020,4207,473,Italy,IT,ITA,60431283,17236,0.408,3.091
20-03-2020,81,20,3,2020,5322,429,Italy,IT,ITA,60431283,24109,0.445,3.499
21-03-2020,82,21,3,2020,5986,625,Italy,IT,ITA,60431283,26336,0.426,3.944
22-03-2020,83,22,3,2020,6557,795,Italy,IT,ITA,60431283,25180,0.289,4.37
23-03-2020,84,23,3,2020,5560,649,Italy,IT,ITA,60431283,17066,0.364,4.659
24-03-2020,85,24,3,2020,4789,601,Italy,IT,ITA,60431283,21496,0.465,5.022
25-03-2020,86,25,3,2020,5249,743,Italy,IT,ITA,60431283,27481,0.619,5.487
26-03-2020,87,26,3,2020,5210,685,Italy,IT,ITA,60431283,36615,0.558,6.106
27-03-2020,88,27,3,2020,6153,660,Italy,IT,ITA,60431283,33019,0.599,6.664
28-03-2020,89,28,3,2020,5959,971,Italy,IT,ITA,60431283,35447,0.414,7.264
29-03-2020,90,29,3,2020,5974,887,Italy,IT,ITA,60431283,24504,0.395,7.678
30-03-2020,91,30,3,2020,5217,758,Italy,IT,ITA,60431283,23329,0.501,8.073
31-03-2020,92,31,3,2020,4050,810,Italy,IT,ITA,60431283,29609,0.583,8.573
01-04-2020,93,1,4,2020,4053,839,Italy,IT,ITA,60431283,34455,0.673,9.156
02-04-2020,94,2,4,2020,4782,727,Italy,IT,ITA,60431283,39809,0.653,9.829
03-04-2020,95,3,4,2020,4668,760,Italy,IT,ITA,60431283,38617,0.632,10.482
04-04-2020,96,4,4,2020,4585,764,Italy,IT,ITA,60431283,37375,0.579,11.115
05-04-2020,97,5,4,2020,4805,681,Italy,IT,ITA,60431283,34237,0.512,11.694
06-04-2020,98,6,4,2020,4316,527,Italy,IT,ITA,60431283,30271,0.57,12.205
07-04-2020,99,7,4,2020,3599,636,Italy,IT,ITA,60431283,33713,0.874,12.776
08-04-2020,100,8,4,2020,3039,604,Italy,IT,ITA,60431283,51680,0.782,13.65
09-04-2020,101,9,4,2020,3836,540,Italy,IT,ITA,60431283,46244,0.905,14.432
10-04-2020,102,10,4,2020,4204,612,Italy,IT,ITA,60431283,53495,,15.336
31-12-2019,1,31,12,2019,0,0,South_Korea,KR,KOR,51635256,0,0,0
01-01-2020,2,1,1,2020,0,0,South_Korea,KR,KOR,51635256,0,0,0
02-01-2020,3,2,1,2020,0,0,South_Korea,KR,KOR,51635256,0,0,0
03-01-2020,4,3,1,2020,0,0,South_Korea,KR,KOR,51635256,0,0,0
04-01-2020,5,4,1,2020,0,0,South_Korea,KR,KOR,51635256,0,0,0
05-01-2020,6,5,1,2020,0,0,South_Korea,KR,KOR,51635256,0,0,0
06-01-2020,7,6,1,2020,0,0,South_Korea,KR,KOR,51635256,0,0,0
07-01-2020,8,7,1,2020,0,0,South_Korea,KR,KOR,51635256,0,0,0
08-01-2020,9,8,1,2020,0,0,South_Korea,KR,KOR,51635256,0,0,0
09-01-2020,10,9,1,2020,0,0,South_Korea,KR,KOR,51635256,0,0,0
10-01-2020,11,10,1,2020,0,0,South_Korea,KR,KOR,51635256,0,0,0
11-01-2020,12,11,1,2020,0,0,South_Korea,KR,KOR,51635256,0,0,0
12-01-2020,13,12,1,2020,0,0,South_Korea,KR,KOR,51635256,0,0,0
13-01-2020,14,13,1,2020,0,0,South_Korea,KR,KOR,51635256,0,0,0
14-01-2020,15,14,1,2020,0,0,South_Korea,KR,KOR,51635256,0,0,0
15-01-2020,16,15,1,2020,0,0,South_Korea,KR,KOR,51635256,0,0,0
16-01-2020,17,16,1,2020,0,0,South_Korea,KR,KOR,51635256,0,0,0
17-01-2020,18,17,1,2020,0,0,South_Korea,KR,KOR,51635256,0,0,0
18-01-2020,19,18,1,2020,0,0,South_Korea,KR,KOR,51635256,0,0,0
19-01-2020,20,19,1,2020,0,0,South_Korea,KR,KOR,51635256,0,0,0
20-01-2020,21,20,1,2020,1,0,South_Korea,KR,KOR,51635256,1,0,0
21-01-2020,22,21,1,2020,0,0,South_Korea,KR,KOR,51635256,0,0,0
22-01-2020,23,22,1,2020,0,0,South_Korea,KR,KOR,51635256,5,0,0
23-01-2020,24,23,1,2020,0,0,South_Korea,KR,KOR,51635256,5,0,0
24-01-2020,25,24,1,2020,1,0,South_Korea,KR,KOR,51635256,5,0,0
25-01-2020,26,25,1,2020,0,0,South_Korea,KR,KOR,51635256,5,0,0
26-01-2020,27,26,1,2020,1,0,South_Korea,KR,KOR,51635256,5,0,0.001
27-01-2020,28,27,1,2020,1,0,South_Korea,KR,KOR,51635256,9,0,0.001
28-01-2020,29,28,1,2020,0,0,South_Korea,KR,KOR,51635256,130,0,0.001
29-01-2020,30,29,1,2020,0,0,South_Korea,KR,KOR,51635256,116,0,0.002
30-01-2020,31,30,1,2020,0,0,South_Korea,KR,KOR,51635256,102,0,0.002
31-01-2020,32,31,1,2020,3,0,South_Korea,KR,KOR,51635256,88,0,0.003
01-02-2020,33,1,2,2020,5,0,South_Korea,KR,KOR,51635256,74,0,0.003
02-02-2020,34,2,2,2020,3,0,South_Korea,KR,KOR,51635256,58,0.001,0.004
03-02-2020,35,3,2,2020,0,0,South_Korea,KR,KOR,51635256,74,0.001,0.005
04-02-2020,36,4,2,2020,1,0,South_Korea,KR,KOR,51635256,90,0.001,0.006
05-02-2020,37,5,2,2020,2,0,South_Korea,KR,KOR,51635256,107,0.001,0.007
06-02-2020,38,6,2,2020,5,0,South_Korea,KR,KOR,51635256,171,0.001,0.008
07-02-2020,39,7,2,2020,1,0,South_Korea,KR,KOR,51635256,245,0.001,0.009
08-02-2020,40,8,2,2020,0,0,South_Korea,KR,KOR,51635256,571,0.001,0.01
09-02-2020,41,9,2,2020,1,0,South_Korea,KR,KOR,51635256,639,0.002,0.012
10-02-2020,42,10,2,2020,2,0,South_Korea,KR,KOR,51635256,436,0.005,0.017
11-02-2020,43,11,2,2020,1,0,South_Korea,KR,KOR,51635256,853,0.004,0.02
12-02-2020,44,12,2,2020,0,0,South_Korea,KR,KOR,51635256,1445,0.006,0.026
13-02-2020,45,13,2,2020,0,0,South_Korea,KR,KOR,51635256,723,0.011,0.037
14-02-2020,46,14,2,2020,0,0,South_Korea,KR,KOR,51635256,1057,0.007,0.044
15-02-2020,47,15,2,2020,0,0,South_Korea,KR,KOR,51635256,665,0,0.044
16-02-2020,48,16,2,2020,1,0,South_Korea,KR,KOR,51635256,400,0.002,0.046
17-02-2020,49,17,2,2020,1,0,South_Korea,KR,KOR,51635256,252,0.021,0.067
18-02-2020,50,18,2,2020,1,0,South_Korea,KR,KOR,51635256,1094,0.006,0.073
19-02-2020,51,19,2,2020,15,0,South_Korea,KR,KOR,51635256,1146,0.004,0.077
20-02-2020,52,20,2,2020,34,0,South_Korea,KR,KOR,51635256,1750,0.005,0.082
21-02-2020,53,21,2,2020,75,1,South_Korea,KR,KOR,51635256,2655,0.005,0.087
22-02-2020,54,22,2,2020,190,1,South_Korea,KR,KOR,51635256,4805,0.004,0.091
23-02-2020,55,23,2,2020,256,3,South_Korea,KR,KOR,51635256,3012,0.003,0.094
24-02-2020,56,24,2,2020,161,2,South_Korea,KR,KOR,51635256,5982,0.003,0.097
25-02-2020,57,25,2,2020,130,1,South_Korea,KR,KOR,51635256,8101,0.004,0.101
26-02-2020,58,26,2,2020,254,3,South_Korea,KR,KOR,51635256,9411,0.005,0.106
27-02-2020,59,27,2,2020,449,1,South_Korea,KR,KOR,51635256,11863,0.008,0.114
28-02-2020,60,28,2,2020,427,1,South_Korea,KR,KOR,51635256,12950,0.019,0.133
29-02-2020,61,29,2,2020,909,3,South_Korea,KR,KOR,51635256,14753,0.022,0.156
01-03-2020,62,1,3,2020,595,1,South_Korea,KR,KOR,51635256,11292,0.019,0.175
02-03-2020,63,2,3,2020,686,5,South_Korea,KR,KOR,51635256,12606,0.026,0.201
03-03-2020,64,3,3,2020,600,6,South_Korea,KR,KOR,51635256,16260,0.006,0.207
04-03-2020,65,4,3,2020,516,4,South_Korea,KR,KOR,51635256,10856,0.041,0.247
05-03-2020,66,5,3,2020,438,3,South_Korea,KR,KOR,51635256,9834,0.021,0.269
06-03-2020,67,6,3,2020,518,7,South_Korea,KR,KOR,51635256,18199,0.033,0.302
07-03-2020,68,7,3,2020,483,2,South_Korea,KR,KOR,51635256,13449,0.017,0.319
08-03-2020,69,8,3,2020,367,6,South_Korea,KR,KOR,51635256,10329,0.03,0.349
09-03-2020,70,9,3,2020,248,1,South_Korea,KR,KOR,51635256,8100,0.021,0.371
10-03-2020,71,10,3,2020,131,3,South_Korea,KR,KOR,51635256,13526,0.019,0.39
11-03-2020,72,11,3,2020,242,6,South_Korea,KR,KOR,51635256,12251,0.018,0.408
12-03-2020,73,12,3,2020,114,6,South_Korea,KR,KOR,51635256,12603,0.034,0.442
13-03-2020,74,13,3,2020,110,1,South_Korea,KR,KOR,51635256,13649,0.045,0.487
14-03-2020,75,14,3,2020,107,5,South_Korea,KR,KOR,51635256,12688,0.074,0.561
15-03-2020,76,15,3,2020,76,3,South_Korea,KR,KOR,51635256,6877,0.038,0.598
16-03-2020,77,16,3,2020,74,0,South_Korea,KR,KOR,51635256,6292,0.057,0.655
17-03-2020,78,17,3,2020,84,6,South_Korea,KR,KOR,51635256,12212,0.094,0.749
18-03-2020,79,18,3,2020,93,5,South_Korea,KR,KOR,51635256,8931,0.086,0.835
19-03-2020,80,19,3,2020,152,5,South_Korea,KR,KOR,51635256,11377,0.125,0.96
20-03-2020,81,20,3,2020,87,9,South_Korea,KR,KOR,51635256,9640,0.035,0.995
21-03-2020,82,21,3,2020,147,3,South_Korea,KR,KOR,51635256,10845,0.087,1.081
22-03-2020,83,22,3,2020,98,1,South_Korea,KR,KOR,51635256,4271,0.082,1.163
23-03-2020,84,23,3,2020,64,9,South_Korea,KR,KOR,51635256,6256,0.083,1.247
24-03-2020,85,24,3,2020,76,7,South_Korea,KR,KOR,51635256,10546,0.096,1.343
25-03-2020,86,25,3,2020,100,6,South_Korea,KR,KOR,51635256,9314,0.098,1.441
26-03-2020,87,26,3,2020,104,5,South_Korea,KR,KOR,51635256,7046,0.117,1.557
27-03-2020,88,27,3,2020,91,8,South_Korea,KR,KOR,51635256,12019,0.132,1.69
28-03-2020,89,28,3,2020,146,5,South_Korea,KR,KOR,51635256,10964,0.104,1.794
29-03-2020,90,29,3,2020,105,8,South_Korea,KR,KOR,51635256,6216,0.103,1.897
30-03-2020,91,30,3,2020,78,6,South_Korea,KR,KOR,51635256,1053,0.107,2.004
31-03-2020,92,31,3,2020,125,5,South_Korea,KR,KOR,51635256,15370,0.122,2.126
01-04-2020,93,1,4,2020,0,0,South_Korea,KR,KOR,51635256,10983,0.145,2.272
02-04-2020,94,2,4,2020,190,6,South_Korea,KR,KOR,51635256,10196,0.152,2.424
03-04-2020,95,3,4,2020,86,5,South_Korea,KR,KOR,51635256,11530,0.157,2.581
04-04-2020,96,4,4,2020,94,3,South_Korea,KR,KOR,51635256,11759,0.14,2.721
05-04-2020,97,5,4,2020,81,6,South_Korea,KR,KOR,51635256,6201,0.183,2.904
06-04-2020,98,6,4,2020,47,3,South_Korea,KR,KOR,51635256,5571,0.198,3.101
07-04-2020,99,7,4,2020,47,6,South_Korea,KR,KOR,51635256,10500,0.065,3.166
08-04-2020,100,8,4,2020,53,8,South_Korea,KR,KOR,51635256,8699,0.29,3.456
09-04-2020,101,9,4,2020,39,4,South_Korea,KR,KOR,51635256,8708,0.159,3.615
10-04-2020,102,10,4,2020,27,4,South_Korea,KR,KOR,51635256,8340,0.196,3.811
31-12-2019,1,31,12,2019,0,0,United_Kingdom,UK,GBR,66488991,0,0,0
01-01-2020,2,1,1,2020,0,0,United_Kingdom,UK,GBR,66488991,0,0,0
02-01-2020,3,2,1,2020,0,0,United_Kingdom,UK,GBR,66488991,0,0,0
03-01-2020,4,3,1,2020,0,0,United_Kingdom,UK,GBR,66488991,0,0,0
04-01-2020,5,4,1,2020,0,0,United_Kingdom,UK,GBR,66488991,0,0,0
05-01-2020,6,5,1,2020,0,0,United_Kingdom,UK,GBR,66488991,0,0,0
06-01-2020,7,6,1,2020,0,0,United_Kingdom,UK,GBR,66488991,0,0,0
07-01-2020,8,7,1,2020,0,0,United_Kingdom,UK,GBR,66488991,0,0,0
08-01-2020,9,8,1,2020,0,0,United_Kingdom,UK,GBR,66488991,0,0,0
09-01-2020,10,9,1,2020,0,0,United_Kingdom,UK,GBR,66488991,0,0,0
10-01-2020,11,10,1,2020,0,0,United_Kingdom,UK,GBR,66488991,0,0,0
11-01-2020,12,11,1,2020,0,0,United_Kingdom,UK,GBR,66488991,0,0,0
12-01-2020,13,12,1,2020,0,0,United_Kingdom,UK,GBR,66488991,0,0,0
13-01-2020,14,13,1,2020,0,0,United_Kingdom,UK,GBR,66488991,0,0,0
14-01-2020,15,14,1,2020,0,0,United_Kingdom,UK,GBR,66488991,0,0,0
15-01-2020,16,15,1,2020,0,0,United_Kingdom,UK,GBR,66488991,0,0,0
16-01-2020,17,16,1,2020,0,0,United_Kingdom,UK,GBR,66488991,0,0,0
17-01-2020,18,17,1,2020,0,0,United_Kingdom,UK,GBR,66488991,0,0,0
18-01-2020,19,18,1,2020,0,0,United_Kingdom,UK,GBR,66488991,0,0,0
19-01-2020,20,19,1,2020,0,0,United_Kingdom,UK,GBR,66488991,0,0,0
20-01-2020,21,20,1,2020,0,0,United_Kingdom,UK,GBR,66488991,0,0,0
21-01-2020,22,21,1,2020,0,0,United_Kingdom,UK,GBR,66488991,0,0,0
22-01-2020,23,22,1,2020,0,0,United_Kingdom,UK,GBR,66488991,0,0,0
23-01-2020,24,23,1,2020,0,0,United_Kingdom,UK,GBR,66488991,0,0,0
24-01-2020,25,24,1,2020,0,0,United_Kingdom,UK,GBR,66488991,0,0,0
25-01-2020,26,25,1,2020,0,0,United_Kingdom,UK,GBR,66488991,0,0,0
26-01-2020,27,26,1,2020,0,0,United_Kingdom,UK,GBR,66488991,21,0,0.001
27-01-2020,28,27,1,2020,0,0,United_Kingdom,UK,GBR,66488991,21,0,0.001
28-01-2020,29,28,1,2020,0,0,United_Kingdom,UK,GBR,66488991,24,0,0.001
29-01-2020,30,29,1,2020,0,0,United_Kingdom,UK,GBR,66488991,33,0,0.002
30-01-2020,31,30,1,2020,0,0,United_Kingdom,UK,GBR,66488991,31,0,0.002
31-01-2020,32,31,1,2020,2,0,United_Kingdom,UK,GBR,66488991,16,0,0.003
01-02-2020,33,1,2,2020,0,0,United_Kingdom,UK,GBR,66488991,26,0,0.003
02-02-2020,34,2,2,2020,0,0,United_Kingdom,UK,GBR,66488991,63,0.001,0.004
03-02-2020,35,3,2,2020,0,0,United_Kingdom,UK,GBR,66488991,60,0.001,0.005
04-02-2020,36,4,2,2020,0,0,United_Kingdom,UK,GBR,66488991,90,0.001,0.006
05-02-2020,37,5,2,2020,0,0,United_Kingdom,UK,GBR,66488991,52,0.001,0.007
06-02-2020,38,6,2,2020,0,0,United_Kingdom,UK,GBR,66488991,98,0.001,0.008
07-02-2020,39,7,2,2020,1,0,United_Kingdom,UK,GBR,66488991,54,0.001,0.009
08-02-2020,40,8,2,2020,0,0,United_Kingdom,UK,GBR,66488991,66,0.001,0.01
09-02-2020,41,9,2,2020,1,0,United_Kingdom,UK,GBR,66488991,109,0.002,0.012
10-02-2020,42,10,2,2020,0,0,United_Kingdom,UK,GBR,66488991,319,0.005,0.017
11-02-2020,43,11,2,2020,4,0,United_Kingdom,UK,GBR,66488991,244,0.004,0.02
12-02-2020,44,12,2,2020,0,0,United_Kingdom,UK,GBR,66488991,400,0.006,0.026
13-02-2020,45,13,2,2020,1,0,United_Kingdom,UK,GBR,66488991,763,0.011,0.037
14-02-2020,46,14,2,2020,0,0,United_Kingdom,UK,GBR,66488991,443,0.007,0.044
15-02-2020,47,15,2,2020,0,0,United_Kingdom,UK,GBR,66488991,28,0,0.044
16-02-2020,48,16,2,2020,0,0,United_Kingdom,UK,GBR,66488991,117,0.002,0.046
17-02-2020,49,17,2,2020,0,0,United_Kingdom,UK,GBR,66488991,1392,0.021,0.067
18-02-2020,50,18,2,2020,0,0,United_Kingdom,UK,GBR,66488991,415,0.006,0.073
19-02-2020,51,19,2,2020,0,0,United_Kingdom,UK,GBR,66488991,291,0.004,0.077
20-02-2020,52,20,2,2020,0,0,United_Kingdom,UK,GBR,66488991,342,0.005,0.082
21-02-2020,53,21,2,2020,0,0,United_Kingdom,UK,GBR,66488991,336,0.005,0.087
22-02-2020,54,22,2,2020,0,0,United_Kingdom,UK,GBR,66488991,267,0.004,0.091
23-02-2020,55,23,2,2020,0,0,United_Kingdom,UK,GBR,66488991,172,0.003,0.094
24-02-2020,56,24,2,2020,4,0,United_Kingdom,UK,GBR,66488991,212,0.003,0.097
25-02-2020,57,25,2,2020,0,0,United_Kingdom,UK,GBR,66488991,259,0.004,0.101
26-02-2020,58,26,2,2020,0,0,United_Kingdom,UK,GBR,66488991,337,0.005,0.106
27-02-2020,59,27,2,2020,0,0,United_Kingdom,UK,GBR,66488991,558,0.008,0.114
28-02-2020,60,28,2,2020,3,0,United_Kingdom,UK,GBR,66488991,1296,0.019,0.133
29-02-2020,61,29,2,2020,2,0,United_Kingdom,UK,GBR,66488991,1497,0.022,0.156
01-03-2020,62,1,3,2020,5,0,United_Kingdom,UK,GBR,66488991,1267,0.019,0.175
02-03-2020,63,2,3,2020,13,0,United_Kingdom,UK,GBR,66488991,1775,0.026,0.201
03-03-2020,64,3,3,2020,4,0,United_Kingdom,UK,GBR,66488991,386,0.006,0.207
04-03-2020,65,4,3,2020,11,0,United_Kingdom,UK,GBR,66488991,2748,0.041,0.247
05-03-2020,66,5,3,2020,34,0,United_Kingdom,UK,GBR,66488991,1424,0.021,0.269
06-03-2020,67,6,3,2020,30,1,United_Kingdom,UK,GBR,66488991,2255,0.033,0.302
07-03-2020,68,7,3,2020,48,0,United_Kingdom,UK,GBR,66488991,1122,0.017,0.319
08-03-2020,69,8,3,2020,43,1,United_Kingdom,UK,GBR,66488991,2053,0.03,0.349
09-03-2020,70,9,3,2020,67,1,United_Kingdom,UK,GBR,66488991,1447,0.021,0.371
10-03-2020,71,10,3,2020,48,2,United_Kingdom,UK,GBR,66488991,1301,0.019,0.39
11-03-2020,72,11,3,2020,52,1,United_Kingdom,UK,GBR,66488991,1215,0.018,0.408
12-03-2020,73,12,3,2020,83,0,United_Kingdom,UK,GBR,66488991,2288,0.034,0.442
13-03-2020,74,13,3,2020,134,4,United_Kingdom,UK,GBR,66488991,3007,0.045,0.487
14-03-2020,75,14,3,2020,117,0,United_Kingdom,UK,GBR,66488991,4975,0.074,0.561
15-03-2020,76,15,3,2020,433,11,United_Kingdom,UK,GBR,66488991,2533,0.038,0.598
16-03-2020,77,16,3,2020,251,14,United_Kingdom,UK,GBR,66488991,3826,0.057,0.655
17-03-2020,78,17,3,2020,152,20,United_Kingdom,UK,GBR,66488991,6337,0.094,0.749
18-03-2020,79,18,3,2020,407,5,United_Kingdom,UK,GBR,66488991,5779,0.086,0.835
19-03-2020,80,19,3,2020,680,43,United_Kingdom,UK,GBR,66488991,8400,0.125,0.96
20-03-2020,81,20,3,2020,647,41,United_Kingdom,UK,GBR,66488991,2355,0.035,0.995
21-03-2020,82,21,3,2020,706,33,United_Kingdom,UK,GBR,66488991,5842,0.087,1.081
22-03-2020,83,22,3,2020,1035,56,United_Kingdom,UK,GBR,66488991,5522,0.082,1.163
23-03-2020,84,23,3,2020,665,48,United_Kingdom,UK,GBR,66488991,5605,0.083,1.247
24-03-2020,85,24,3,2020,967,54,United_Kingdom,UK,GBR,66488991,6491,0.096,1.343
25-03-2020,86,25,3,2020,1427,87,United_Kingdom,UK,GBR,66488991,6583,0.098,1.441
26-03-2020,87,26,3,2020,1452,41,United_Kingdom,UK,GBR,66488991,7847,0.117,1.557
27-03-2020,88,27,3,2020,2129,115,United_Kingdom,UK,GBR,66488991,8911,0.132,1.69
28-03-2020,89,28,3,2020,2885,181,United_Kingdom,UK,GBR,66488991,6999,0.104,1.794
29-03-2020,90,29,3,2020,2546,260,United_Kingdom,UK,GBR,66488991,6961,0.103,1.897
30-03-2020,91,30,3,2020,2433,209,United_Kingdom,UK,GBR,66488991,7209,0.107,2.004
31-03-2020,92,31,3,2020,2619,180,United_Kingdom,UK,GBR,66488991,8240,0.122,2.126
01-04-2020,93,1,4,2020,3009,381,United_Kingdom,UK,GBR,66488991,9793,0.145,2.272
02-04-2020,94,2,4,2020,4324,743,United_Kingdom,UK,GBR,66488991,10215,0.152,2.424
03-04-2020,95,3,4,2020,4244,389,United_Kingdom,UK,GBR,66488991,10590,0.157,2.581
04-04-2020,96,4,4,2020,4450,684,United_Kingdom,UK,GBR,66488991,9406,0.14,2.721
05-04-2020,97,5,4,2020,3735,708,United_Kingdom,UK,GBR,66488991,12334,0.183,2.904
06-04-2020,98,6,4,2020,5903,621,United_Kingdom,UK,GBR,66488991,13313,0.198,3.101
07-04-2020,99,7,4,2020,3802,439,United_Kingdom,UK,GBR,66488991,4344,0.065,3.166
08-04-2020,100,8,4,2020,3634,786,United_Kingdom,UK,GBR,66488991,19527,0.29,3.456
09-04-2020,101,9,4,2020,5491,938,United_Kingdom,UK,GBR,66488991,10713,0.159,3.615
10-04-2020,102,10,4,2020,4344,881,United_Kingdom,UK,GBR,66488991,13184,0.196,3.811
31-12-2019,1,31,12,2019,0,0,United_States_of_America,US,USA,327167434,0,0,0
01-01-2020,2,1,1,2020,0,0,United_States_of_America,US,USA,327167434,0,0,0
02-01-2020,3,2,1,2020,0,0,United_States_of_America,US,USA,327167434,0,0,0
03-01-2020,4,3,1,2020,0,0,United_States_of_America,US,USA,327167434,0,0,0
04-01-2020,5,4,1,2020,0,0,United_States_of_America,US,USA,327167434,0,0,0
05-01-2020,6,5,1,2020,0,0,United_States_of_America,US,USA,327167434,0,0,0
06-01-2020,7,6,1,2020,0,0,United_States_of_America,US,USA,327167434,0,0,0
07-01-2020,8,7,1,2020,0,0,United_States_of_America,US,USA,327167434,0,0,0
08-01-2020,9,8,1,2020,0,0,United_States_of_America,US,USA,327167434,0,0,0
09-01-2020,10,9,1,2020,0,0,United_States_of_America,US,USA,327167434,0,0,0
10-01-2020,11,10,1,2020,0,0,United_States_of_America,US,USA,327167434,0,0,0
11-01-2020,12,11,1,2020,0,0,United_States_of_America,US,USA,327167434,0,0,0
12-01-2020,13,12,1,2020,0,0,United_States_of_America,US,USA,327167434,0,0,0
13-01-2020,14,13,1,2020,0,0,United_States_of_America,US,USA,327167434,0,0,0
14-01-2020,15,14,1,2020,0,0,United_States_of_America,US,USA,327167434,0,0,0
15-01-2020,16,15,1,2020,0,0,United_States_of_America,US,USA,327167434,0,0,0
16-01-2020,17,16,1,2020,0,0,United_States_of_America,US,USA,327167434,0,0,0
17-01-2020,18,17,1,2020,0,0,United_States_of_America,US,USA,327167434,0,0,0
18-01-2020,19,18,1,2020,0,0,United_States_of_America,US,USA,327167434,0,0,0
19-01-2020,20,19,1,2020,0,0,United_States_of_America,US,USA,327167434,0,0,0
20-01-2020,21,20,1,2020,0,0,United_States_of_America,US,USA,327167434,0,0,0
21-01-2020,22,21,1,2020,1,0,United_States_of_America,US,USA,327167434,1,0,0
22-01-2020,23,22,1,2020,0,0,United_States_of_America,US,USA,327167434,0,0,0
23-01-2020,24,23,1,2020,0,0,United_States_of_America,US,USA,327167434,0,0,0
24-01-2020,25,24,1,2020,0,0,United_States_of_America,US,USA,327167434,0,0,0
25-01-2020,26,25,1,2020,1,0,United_States_of_America,US,USA,327167434,1,0,0
26-01-2020,27,26,1,2020,0,0,United_States_of_America,US,USA,327167434,0,0,0
27-01-2020,28,27,1,2020,3,0,United_States_of_America,US,USA,327167434,3,0,0
28-01-2020,29,28,1,2020,0,0,United_States_of_America,US,USA,327167434,0,0,0
29-01-2020,30,29,1,2020,0,0,United_States_of_America,US,USA,327167434,0,0,0
30-01-2020,31,30,1,2020,0,0,United_States_of_America,US,USA,327167434,0,0,0
31-01-2020,32,31,1,2020,1,0,United_States_of_America,US,USA,327167434,1,0,0
01-02-2020,33,1,2,2020,1,0,United_States_of_America,US,USA,327167434,1,0,0
02-02-2020,34,2,2,2020,1,0,United_States_of_America,US,USA,327167434,1,0,0
03-02-2020,35,3,2,2020,3,0,United_States_of_America,US,USA,327167434,3,0,0
04-02-2020,36,4,2,2020,0,0,United_States_of_America,US,USA,327167434,0,0,0
05-02-2020,37,5,2,2020,0,0,United_States_of_America,US,USA,327167434,0,0,0
06-02-2020,38,6,2,2020,1,0,United_States_of_America,US,USA,327167434,1,0,0
07-02-2020,39,7,2,2020,0,0,United_States_of_America,US,USA,327167434,0,0,0
08-02-2020,40,8,2,2020,0,0,United_States_of_America,US,USA,327167434,0,0,0
09-02-2020,41,9,2,2020,0,0,United_States_of_America,US,USA,327167434,0,0,0
10-02-2020,42,10,2,2020,0,0,United_States_of_America,US,USA,327167434,0,0,0
11-02-2020,43,11,2,2020,1,0,United_States_of_America,US,USA,327167434,1,0,0
12-02-2020,44,12,2,2020,0,0,United_States_of_America,US,USA,327167434,0,0,0
13-02-2020,45,13,2,2020,1,0,United_States_of_America,US,USA,327167434,1,0,0
14-02-2020,46,14,2,2020,1,0,United_States_of_America,US,USA,327167434,1,0,0
15-02-2020,47,15,2,2020,0,0,United_States_of_America,US,USA,327167434,0,0,0
16-02-2020,48,16,2,2020,0,0,United_States_of_America,US,USA,327167434,0,0,0
17-02-2020,49,17,2,2020,0,0,United_States_of_America,US,USA,327167434,0,0,0
18-02-2020,50,18,2,2020,0,0,United_States_of_America,US,USA,327167434,0,0,0
19-02-2020,51,19,2,2020,0,0,United_States_of_America,US,USA,327167434,0,0,0
20-02-2020,52,20,2,2020,0,0,United_States_of_America,US,USA,327167434,0,0,0
21-02-2020,53,21,2,2020,1,0,United_States_of_America,US,USA,327167434,1,0,0
22-02-2020,54,22,2,2020,19,0,United_States_of_America,US,USA,327167434,19,0,0
23-02-2020,55,23,2,2020,0,0,United_States_of_America,US,USA,327167434,0,0,0
24-02-2020,56,24,2,2020,0,0,United_States_of_America,US,USA,327167434,0,0,0
25-02-2020,57,25,2,2020,18,0,United_States_of_America,US,USA,327167434,18,0,0
26-02-2020,58,26,2,2020,0,0,United_States_of_America,US,USA,327167434,0,0,0
27-02-2020,59,27,2,2020,6,0,United_States_of_America,US,USA,327167434,6,0,0
28-02-2020,60,28,2,2020,1,0,United_States_of_America,US,USA,327167434,1,0,0
29-02-2020,61,29,2,2020,6,0,United_States_of_America,US,USA,327167434,9,0,0
01-03-2020,62,1,3,2020,3,1,United_States_of_America,US,USA,327167434,22,0,0
02-03-2020,63,2,3,2020,20,1,United_States_of_America,US,USA,327167434,13,0,0
03-03-2020,64,3,3,2020,14,4,United_States_of_America,US,USA,327167434,47,0,0
04-03-2020,65,4,3,2020,22,3,United_States_of_America,US,USA,327167434,868,0.003,0.003
05-03-2020,66,5,3,2020,34,2,United_States_of_America,US,USA,327167434,278,0.004,0.001
06-03-2020,67,6,3,2020,74,1,United_States_of_America,US,USA,327167434,736,0.006,0.002
07-03-2020,68,7,3,2020,105,2,United_States_of_America,US,USA,327167434,407,0.007,0.001
08-03-2020,69,8,3,2020,95,3,United_States_of_America,US,USA,327167434,677,0.009,0.002
09-03-2020,70,9,3,2020,121,4,United_States_of_America,US,USA,327167434,1326,0.013,0.004
10-03-2020,71,10,3,2020,200,5,United_States_of_America,US,USA,327167434,785,0.016,0.002
11-03-2020,72,11,3,2020,271,2,United_States_of_America,US,USA,327167434,2686,0.024,0.008
12-03-2020,73,12,3,2020,287,2,United_States_of_America,US,USA,327167434,2399,0.031,0.007
13-03-2020,74,13,3,2020,351,10,United_States_of_America,US,USA,327167434,6446,0.05,0.019
14-03-2020,75,14,3,2020,511,7,United_States_of_America,US,USA,327167434,4240,0.063,0.013
15-03-2020,76,15,3,2020,777,10,United_States_of_America,US,USA,327167434,6578,0.083,0.02
16-03-2020,77,16,3,2020,823,12,United_States_of_America,US,USA,327167434,14760,0.128,0.045
17-03-2020,78,17,3,2020,887,16,United_States_of_America,US,USA,327167434,14133,0.17,0.043
18-03-2020,79,18,3,2020,1766,23,United_States_of_America,US,USA,327167434,21688,0.236,0.065
19-03-2020,80,19,3,2020,2988,42,United_States_of_America,US,USA,327167434,25966,0.314,0.078
20-03-2020,81,20,3,2020,4835,0,United_States_of_America,US,USA,327167434,35805,0.422,0.108
21-03-2020,82,21,3,2020,5374,110,United_States_of_America,US,USA,327167434,45093,0.558,0.136
22-03-2020,83,22,3,2020,7123,80,United_States_of_America,US,USA,327167434,46526,0.698,0.14
23-03-2020,84,23,3,2020,8459,131,United_States_of_America,US,USA,327167434,55729,0.867,0.168
24-03-2020,85,24,3,2020,11236,119,United_States_of_America,US,USA,327167434,66583,1.068,0.201
25-03-2020,86,25,3,2020,8789,211,United_States_of_America,US,USA,327167434,78890,1.306,0.238
26-03-2020,87,26,3,2020,13963,249,United_States_of_America,US,USA,327167434,96393,1.596,0.291
27-03-2020,88,27,3,2020,16797,246,United_States_of_America,US,USA,327167434,110641,1.93,0.334
28-03-2020,89,28,3,2020,18695,411,United_States_of_America,US,USA,327167434,107930,2.256,0.326
29-03-2020,90,29,3,2020,19979,484,United_States_of_America,US,USA,327167434,93086,2.537,0.281
30-03-2020,91,30,3,2020,18360,318,United_States_of_America,US,USA,327167434,118644,2.895,0.358
31-03-2020,92,31,3,2020,21595,661,United_States_of_America,US,USA,327167434,106972,3.217,0.323
01-04-2020,93,1,4,2020,24998,909,United_States_of_America,US,USA,327167434,103481,3.53,0.312
02-04-2020,94,2,4,2020,27103,1059,United_States_of_America,US,USA,327167434,121955,3.898,0.368
03-04-2020,95,3,4,2020,28819,915,United_States_of_America,US,USA,327167434,132011,4.296,0.398
04-04-2020,96,4,4,2020,32425,1104,United_States_of_America,US,USA,327167434,229268,4.988,0.692
05-04-2020,97,5,4,2020,34272,1344,United_States_of_America,US,USA,327167434,122603,5.358,0.37
06-04-2020,98,6,4,2020,25398,1146,United_States_of_America,US,USA,327167434,149248,5.808,0.45
07-04-2020,99,7,4,2020,30561,1342,United_States_of_America,US,USA,327167434,148099,6.255,0.447
08-04-2020,100,8,4,2020,30613,1906,United_States_of_America,US,USA,327167434,139536,6.676,0.421
09-04-2020,101,9,4,2020,33323,1922,United_States_of_America,US,USA,327167434,162789,7.167,0.491
10-04-2020,102,10,4,2020,33901,1873,United_States_of_America,US,USA,327167434,153927,7.631,0.464
